O=====|====|====|====|====|====|====|====|====|====|====|====|====|====|====|===
O=====<====<====<====<====<====<====<====<====<====<====<====<====<====<====<===
 List of nodes.%
 Generated for UMRVMB   at 12/14/880
 Nodes file update level:    EARN   - VERS88120
                             BITNET - LINKS812
*****************************************************************************
 Nodeid   Institute
-----------------------------------------------------------------------------$
 AASCU     AASCU Meeting Demo Node
 ACADIA    Acadia U&
 ACMVM     Assoc Computing Machinery#
 ACUVAX    Abilene Christian Univ'
 AEARN     Universitaet Linz, Austria%
 AECLCR    Chalk River Nuclear Labs"
 AGU       American Geophy Union&
 AINUNI01  EDV-Zentrum Uni Innsbruck'
 AIPPINET  American Instit of Physics
 AKRON     U Akron
 AKRONVAX  U Akron
 AKRONVM   U Akron!
 ALASKA    U of Alaska Comp Net
 ALBION    Albion College
 ALBNYMVS  SUNY CSC MVS
 ALBNYVM1  SUNY Albany CSC 
 ALBNY1VX  SUNY Albany CSC VMS!
 ALCANKTN  Alcan Int. Ltd. KRDC'
 ALIJKU21  Universitaet Linz, Austria*
 ALISUVAX  Iowa S U Ames Lab Dept Energy
 ALLEGVM   Allegheny Col
 ALLOY     Johnson & Johnson 
 ALMCSVM1  IBM Almaden Res Ctr 
 ALMCSVM2  IBM Almaden Res Ctr 
 ALMCSVM6  IBM Almaden Res Ctr 
 ALMCSVS5  IBM Almaden Res Ctr 
 ALMVMA    IBM Almaden Res Ctr 
 ALMVMB    IBM Almaden Res Ctr 
 ALMVMC    IBM Almaden Res Ctr 
 ALMVMZ    IBM Almaden Res Ctr*
 AMHERST   Amherst College Acad Comp Ctr$
 ANBIOR    Argonne Biology Divison#
 ANDREW    CMU Computing Services(
 ANLADM1   Argonne Nat Lab Admin NBI 1(
 ANLADM2   Argonne Nat Lab Admin NBI 2+
 ANLAPS    Argonne Advanced Photon Source'
 ANLCHM    Argonne Chemistry Division&
 ANLCMT    Argonne Chemical Tech Div-
 ANLCV1    Argonne National Lab Cluster VAX+
 ANLEES    Argonne Nat Lab Ener & Environ$
 ANLEES1   Argonne Nat Lab EES NBI$
 ANLEES2   Argonne Nat Lab EES NBI$
 ANLEES3   Argonne Nat Lab EES NBI%
 ANLEL     Argonne Nat Lab Elec Div2
 ANLEMC    Argonne National Lab Electron Mic Ctr'
 ANLER     Argonne Environmental Res.,
 ANLHEP    Argonne High Energy Physics Div,
 ANLIPNS   Argonne Pulsed Neutron Src Proj+
 ANLMST    Argonne Materials Sci and Tech&
 ANLNBI    Argonne Nat Lab Admin NBI$
 ANLNBI2   Argonne Nat Lab EES NBI,
 ANLNESC   Argonne National Energy Sfw Ctr!
 ANLOS     Argonne National Lab%
 ANLPHY    Argonne Physics Division,
 ANLPNS    Argonne Pulsed Neutron Src Proj-
 ANLVG     Argonne National Lab VAX Gateway!
 ANLVM     Argonne National Lab!
 ANLVMS    Argonne National Lab!
 ANNENRES  Annenberg Res Instit-
 AOVAX1    Nat'l A & I Ctr - Arecibo Observ,
 APLVM     Johns Hopkins Univ App Phys Lab 
 APPSTATE  Appalachian State U"
 APSEDOFF  American Physical Soc2
 ARIZEVAX  Univ of Arizona College of Eng. EVAX2"
 ARIZJVAX  U of Arizona CCIT VAX'
 ARIZMIS   Univ of Arizona - MIS Dept
 ARIZMVS1  U of Arizona CCIT"
 ARIZRVAX  U of Arizona CCIT VAX"
 ARIZVM1   U of Arizona CCIT IBM!
 ASNUAB    U Alabama Birmingham
 ASUACAD   Arizona State U(
 ASUACVAX  Arizona State Univ Acad VAX4
 ASUCPS    Arizona State - U Chem/Phys/Solid State4
 ASUCP1    Arizona State - U Chem/Phys/Solid State4
 ASUCP2    Arizona State U Lib Arts & Sci Res Cmpt)
 ASUEJS    Arizona State U Eng Comp Ctr)
 ASUERC    Arizona State U Eng Comp Ctr"
 ASUIC     Arizona St U Info Ctr%
 AUA       New Mexico St U Comp Ctr
 AUDUCVAX  Auburn Univ 
 AUVM      American University 
 AUVM2     American University"
 AWIBOK01  EDV-Zentrum BoKu Wien
 AWIIAE21  IAEA*
 AWIIEZ11  IEZ Numerischer Rechner, Wien+
 AWIIMC11  IMC Universitaet Wien, Austria
 AWIRAP    RA-Physik
 AWIRAP01  RA-Physik
 AWIRAP02  RA-Physik 
 AWITUW01  EDV-Zentrum TU Wien 
 AWITUW02  EDV-Zentrum TU Wien!
 AWIUNI11  EDV-Zentrum Uni Wien
 AWIWUW11  WU-Wien, Austria
 BABSON    Babson Coll)
 BAGAMCOK  U South Carolina Bus College%
 BANRUC01  RUCA, Antwerpen, Belgium&
 BANUFS11  UFSIA, Antwerpen, Belgium$
 BANUIA51  UIA, Antwerpen, Belgium$
 BANUIA52  UIA, Antwerpen, Belgium 
 BARILAN   Bar Ilan University
 BARILVM   Bar Ilan Univ. CC"
 BARUCH    CUNY - Baruch College*
 BATATA    Hebrew Univ. Molecular Center
 BAYLOR    Baylor Univ
 BAYLRHSB  Baylor Univ HSB-
 BBADMIN   CUNY - Baruch Col Admin Comp Ctr-
 BBADMIN2  CUNY - Baruch Col Admin Comp Ctr'
 BBRBFU01  ULB/VUB, Brussels, Belgium#
 BBRIBM11  IEC, La Hulpe, Belgium*
 BBRVKI51  VKI, Rhode-St-Genese, Belgium"
 BB003     CUNY - Baruch College%
 BCCHEM    Boston College Chem Dept$
 BCIT      BCIT Computer Resources
 BCSC02    BCSC+
 BCVAX1    Boston College Computer Center+
 BCVAX2    Boston College Computer Center+
 BCVAX4    Boston College Computer Center+
 BCVMCMS   Boston College Computer Center+
 BCVMS     Boston College Computer Center%
 BDILUC11  LUC, Diepenbeek, Belgium)
 BEARN     FNRS/NFWO, Brussels, Belgium)
 BEARN2    FNRS/NFWO, Brussels, Belgium
 BENGUS    BGUCS
 BENTLEY   Bentley College&
 BGERUG51  Rijks Univ. Gent, Belgium%
 BGSUOPIE  Bowling Green State Univ%
 BGSUSTAT  Bowling Green State Univ(
 BGUEE     BGU Electrical Eng., Israel"
 BGUNOS    Ben Gurion University"
 BGUVM     Ben Gurion University"
 BGUVMS    Ben Gurion University
 BIBLIO31  Centennial College%
 BIMACS    Bar Ilan Univ. Math & CS(
 BINGTJW   SUNY Binghamton Sch of Engr
 BINGVAXA  SUNY Binghamton
 BINGVAXB  SUNY Binghamton
 BINGVAXC  SUNY Binghamton
 BINGVMA   SUNY Binghamton
 BINGVMB   SUNY Binghamton0
 BIOVAX    Rutgers Univ Molecular Bio Comp Lab
 BITNIC    BITNET NIC$
 BKLYN     CUNY - Brooklyn College$
 BKLYNCIS  CUNY - Brooklyn College$
 BKLYNMVS  CUNY - Brooklyn College%
 BKNLVMS   Bucknell U Comp Services(
 BLEKUL11  Kath. Univ. Leuven, Belgium(
 BLEKUL12  Kath. Univ. Leuven, Belgium%
 BLEKUL13  KUL CME, Leuven, Belgium(
 BLEKUL21  Kath. Univ. Leuven, Belgium
 BLEKUL50  Hypertension(
 BLEKUL60  Kath. Univ. Leuven, Belgium 
 BLIULG11  ULG, Liege, Belgium 
 BLIULG12  ULG, Liege, Belgium 
 BLIULG13  ULG, Liege, Belgium 
 BLIULG14  ULG, Liege, Belgium 
 BLIULG15  ULG, Liege, Belgium-
 BMACADM   CUNY - Bor of Manhattan Comm Col!
 BMLSCK11  SCKCEN, Mol, Belgium.
 BMSR      U Southern Calif Biomed Simul Res 
 BMSUEM11  UEMS, Mons, Belgium1
 BM002     CUNY - Bor of Manhattan Comm Col Adm!
 BNANDP10  FNDP, Namur, Belgium!
 BNANDP11  FNDP, Namur, Belgium!
 BNANDP51  FNDP, Namur, Belgium$
 BNL       Brookhaven National Lab$
 BNLCHM    Brookhaven National Lab$
 BNLCL1    Brookhaven National Lab
 BNLDAG    Brookhaven Nat Lab$
 BNLUX0    Brookhaven National Lab$
 BNLVMA    Brookhaven National Lab$
 BNR       BNR Information Systems
 BOSTCIML  Boston Univ CIML#
 BOSTONU   Boston U Acad Comp Ctr
 BOWDOIN   Bowdoin College2
 BRANDEIS  Brandeis Univ Feldberg Comp Ctr BINAH1
 BRANDLOG  Brandeis Univ Administration (LOGOS)
 BRCVAX    Biotech Res Ctr,
 BROCK1P   SUNY College at Brockport - ACS"
 BROWNCOG  Brown U Cognitive Sci*
 BROWNCS   Brown U Computer Science Dept
 BROWNHEP  Brown U Physics
 BROWNVM   Brown U Comp Ctr
 BRYNMAWR  Bryn Mawr College
 BSUVAX1   Ball State Univ#
 BUACCA    Boston U Acad Comp Ctr%
 BUASTA    Boston U Astronomy VAX A%
 BUCHMA    Boston U Chemistry VAX A%
 BUCHMB    Boston U Chem Dept VAX B%
 BUCHMC    Boston U Chem Dept VAX C%
 BUCKNELL  Bucknell U Comp Services*
 BUCLLN11  Uni Cath Louvain/CALC Belgium'
 BUENGA    Boston U Engineering VAX A$
 BUFCBURA  SUNY College at Buffalo
 BUISA     Boston U Admin Ctr$
 BUMETA    Boston U Met Coll VAX A"
 BUMFGA    Boston Univ MFG ENG A#
 BUPHYA    Boston U Physics VAX A&
 BUPHYC    Boston Univ Physics VAX C+
 BX001     CUNY - Bronx Community College
 BYUADAM   Brigham Young Univ
 BYUADMIN  BYU ISS 
 BYUCOAL   BYU Combust Lab VAX
 BYUETIBM  BYU Eng College$
 BYULAW    Brigham Young U Law Sch
 BYULIB    BYU Library
 BYUSTAT1  Brigham Young Univ
 BYUSTAT2  Brigham Young Univ
 BYUSTAT3  Brigham Young Univ
 BYUVAX    BYU ISS VAX*
 CAC       U Washington Cmptng. & Commun+
 CAGEIR5A  EIR, Wuerenlingen, Switzerland"
 CALPOLY   Calif Poly State Univ
 CALSTATE  Calif State U
 CALTECH   Caltech
 CANADA01  N.A.C."
 CANCER    Rutgers Univ CCIS VAX 
 CANISIUS  Canisius College CC
 CARLETON  Carleton U#
 CAS       Chemical Abstracts Srv"
 CATCC     Catonsville Comm Coll"
 CATE      Ctr for Adv Tech Educ"
 CBEBDA3T  Uni Bern, Switzerland,
 CCNY      CUNY - City College of New York&
 CCNYSCI   CUNY - City College of NY&
 CCNYVAX1  CUNY - City College of NY,
 CCNYVME   CUNY - City College of New York,
 CCNYVMF   CUNY - City College of New York'
 CCOL      U of Ky Community Colleges
 CCQC      Univ of Georgia&
 CCVAX     University College Dublin
 CDCCENTR  CDC Demo Ctr5
 CDDIS1    NASA GSFC Crustal Dynamics Data Info Sys&
 CEARN     CERN, Geneva, Switzerland&
 CEARNV2   CERN, Geneva, Switzerland"
 CEBAFVAX  CEBAF Computer Center
 CENCOL    Centennial College,
 CERAMICS  NYSC of Ceramics at Alfred Univ&
 CERNADP   CERN, Geneva, Switzerland&
 CERNEMU1  CERN, Geneva, Switzerland&
 CERNVAX   CERN, Geneva, Switzerland&
 CERNVM    CERN, Geneva, Switzerland4
 CESARVAX  Oak Ridge Natl Lab Ctr Engg Sys Adv Res'
 CFA       Harvard U Ctr Astrophysics'
 CFAAMP    Harvard U Ctr Astrophysics'
 CFAPS2    Harvard U Ctr Astrophysics'
 CFA2      Harvard U Ctr Astrophysics'
 CFA3      Harvard U Ctr Astrophysics'
 CFA4      Harvard U Ctr Astrophysics'
 CFA5      Harvard U Ctr Astrophysics'
 CFA6      Harvard U Ctr Astrophysics'
 CFA7      Harvard U Ctr Astrophysics'
 CFA8      Harvard U Ctr Astrophysics-
 CFR       Central Florida Reg Data Ctr MVS+
 CFRUNI51  Universite de Fribourg, Switz.+
 CFRUNI52  Universite de Fribourg, Switz.+
 CFRUNI53  Universite de Fribourg, Switz.,
 CFRVM     Central Florida Reg Data Ctr VM$
 CGECMU51  CMU Geneve, Switzerland)
 CGEHCU61  Geneva Hospital, Switzerland$
 CGEUGE11  Uni Geneva, Switzerland$
 CGEUGE51  Uni Geneva, Switzerland$
 CGEUGE52  Uni Geneva, Switzerland$
 CGEUGE53  Uni Geneva, Switzerland$
 CGEUGE54  Uni Geneva, Switzerland
 CIEARN    C.I.R.C.I5
 CILSEN    Centro de Infor Legislat del Senado de l&
 CITADEL   Citadel Military Co of SC&
 CITADEL1  Citadel Military Co of SC&
 CITADEL2  Citadel Military Co of SC
 CITCHEM   Caltech XHMEIA%
 CITDEIMO  Caltech Astronomy DEIMOS
 CITHEX    Caltech HEP
 CITIAGO   Caltech CCO IAGO
 CITJULIE  Caltech CCO%
 CITPHOBO  Caltech Astronomy PHOBOS
 CITROMEO  Caltech CCO
 CITXRAY   Caltech
 CIT4381   Caltech+
 CLARGRAD  Claremont Grad School Comp Ctr'
 CLARKU    Clark Univ Off of Info Sys-
 CLARMATH  Claremont Grad School Math Dept.
 CLEMSON   Clemson U Comp Ctr
 CLGW      Clarkson U ERC
 CLMIE     Clarkson Univ MIE'
 CLSEPF51  EPFL Lausanne, Switzerland&
 CLSUNI51  Uni Lausanne, Switzerland
 CLUTX     Clarkson U ERC
 CLVM      Clarkson U ERC
 CLVMS     Clarkson U ERC(
 CMASV1    Carnegie Mellon U Comp Srvs#
 CMCCVB    CMU Computing Services
 CMCHEM    CMU Chemistry Dept#
 CMEAMRF   NBS Adv. Mfg. Res Fac.
 CMPHYS    CMU Physics Dept#
 CMPHYSME  CMU Med Energy Physics$
 CMR001    College militaire royal'
 CMUCCVMA  Carnegie-Mellon U Comp Ctr"
 CMUVM     Central Michigan Univ(
 CNEDCU51  Uni. Neuchatel, Switzerland)
 CODVM1    College of DuPage Comp. Srvs
 COLGATEU  Colgate Univ#
 COLOLASP  Univ of Colorad / LASP'
 COLOPHYS  U Colorado Boulder Physics)
 COLORADO  U Colorado Boulder Comp Svcs3
 COLOSPGS  Univ of Colorado - Colorado Springs CS
 COLOSTAT  Colorado State U
 CONNCOLL  Connecticut Coll&
 CONU1     Concordia U Computing Ctr&
 CONU2     Concordia U Computing Ctr(
 CORNELL   Cornell U Computer Services(
 CORNELLA  Cornell U Computer Services(
 CORNELLC  Cornell U Computer Services*
 CORNELLD  Cornell U Supercomputer Facil(
 CORNELLE  Cornell U Supercomputer Fac1
 CORNELLF  Cornell U Production Supercomp Facil4
 CPAC      U Washington Ctr for Process Analy Chem"
 CPWPSCA   Pgh Supercomputer Ctr"
 CPWPSCB   Pgh Supercomputer Ctr
 CRNLAES   NYSAES
 CRNLASSP  Cornell Univ LASSP(
 CRNLASTR  Cornell U Dept of Astronomy
 CRNLCAM   Cornell Univ CAM
 CRNLCHES  Cornell Univ HESS/
 CRNLCS    Cornell U Dept of Computer Science5
 CRNLDEV   Cornell Univ Ctr Theory & Simul in Sci &&
 CRNLEE    Cornell Univ Sch Elec Eng'
 CRNLGSM   Cornell U Grad Sch of Mgmt
 CRNLIMAP  Cornell U Mech Eng'
 CRNLION   Cornell Lab of Plasma Stud+
 CRNLMSC2  Cornell Univ Materials Sci Ctr+
 CRNLMSC3  Cornell Univ Materials Sci Ctr'
 CRNLMVS   Cornell Univ Computer Srvs-
 CRNLNS    Cornell U Lab of Nuclear Studies
 CRNLNUC   Cornell Univ LNS%
 CRNLTHRY  Cornell Univ Theory Ctr.#
 CRNLVAX1  Cornell Univ Comp Srvs$
 CRNLVAX2  Cornell Univ Comp Servs$
 CRNLVAX3  Cornell Univ Comp Servs$
 CRNLVAX4  Cornell Univ Comp Servs#
 CRNLVAX5  Cornell Univ Comp Svcs+
 CRUXHYPD  CERN P173, Geneva, Switzerland+
 CRUXHYPM  CERN P173, Geneva, Switzerland+
 CRUXNHD   CERN P173, Geneva, Switzerland+
 CRUXNMC   CERN P173, Geneva, Switzerland+
 CRUXNMCD  CERN P173, Geneva, Switzerland+
 CRUXNMCE  CERN P173, Geneva, Switzerland+
 CRUXNMC1  CERN P173, Geneva, Switzerland+
 CRUXNMC2  CERN P173, Geneva, Switzerland+
 CRVXP173  CERN P173, Geneva, Switzerland'
 CSGHSG5A  Uni St.Gallen, Switzerland'
 CSGHSG52  Uni St.Gallen, Switzerland'
 CSGHSG53  Uni St.Gallen, Switzerland#
 CSHLAB    Cold Spring Harbor Lab
 CSUGOLD   Colorado State U
 CSUGREEN  Colorado State U,
 CSUOHIO   Cleveland State U Computer Svcs
 CSU205    Colorado State U'
 CTSTATEU  Connecticut State Univ Sys(
 CUA       Catholic Univ of America CC(
 CUAVAXA   Catholic Univ of America CC(
 CUAVAXB   Catholic Univ of America CC&
 CUCCA     Columbia U Cluster Ctrl A'
 CUCCFA    Columbia U Health Sciences"
 CUCCVX    Columbia U Admin Dept"
 CUCEVX    Columbia U Civil Eng.&
 CUCHEM    Columbia U Chemistry Dept&
 CUCHMB    Columbia U Chemistry Dept/
 CUCISA    Columbia Univ Ctr for Clinical Res 
 CUCSVM    Columbia U Comp Sci$
 CUDENVER  Univ of Colorado Denver3
 CUGFVX    Columbia U Grad Sch of Arts & Sciences+
 CUGSBVAX  Columbia U Bus Sch Futures Ctr)
 CUGSBVM   Columbia U Grad Sch Business'
 CUHSDA    Columbia U Health Sciences/
 CUMBG     Columbia U Molecular Biophy. Graph&
 CUMC      Cornell U Medical College+
 CUMIN     Columbia U Ctr for Comptng Act(
 CUNIXC    Columbia U Ctr Cmptng. Act.+
 CUNYJES3  CUNY - University Computer Ctr)
 CUNYVM    CUNY University Computer Ctr#
 CUNYVMS1  CUNY - Graduate Center)
 CUNYVMV2  CUNY University Computer Ctr/
 CUORCA    Columbia U Orthopaedic Res Clust A/
 CUORMA    Columbia U Orthopaedic Res Micro A/
 CUORMB    Columbia U Orthopaedic Res Clust A$
 CUPHYD    Columbia U Physics Dept.
 CUSB      Columbia U Stony Brook Exp - CESR%
 CUTCV1    Columbia U Teachers Coll%
 CUTCV2    Columbia U Teachers Coll(
 CUTHRY    Columbia U Theoretical Phys/
 CUVMA     Columbia U Ctr for Comp Activities/
 CUVMB     Columbia U Ctr for Comp Activities/
 CUVMC     Columbia U Ctr for Comp Activities
 CWRU      Case Western+
 CZHETH1A  ETHZ/IHP, Zuerich, Switzerland"
 CZHETH1B  ETH Zuerich Bibliotek
 CZHETH1C  ETH Zuerich IKB$
 CZHETH1I  ETH und Uni Zuerich IBT%
 CZHETH5A  ETH Zuerich, Switzerland%
 CZHRZU1A  Uni Zuerich, Switzerland%
 CZHRZU2B  Uni Zuerich, Switzerland
 DAAFHT1   FHS Aalen, Germany!
 DACTH01   RWTH Aachen, Germany!
 DACTH51   RWTH AACHEN, Germany&
 DAL       Dalhousie University UCIS&
 DALAC     Dalhousie University UCIS&
 DALADM    Dalhousie University UCIS)
 DANPOST   UNI-C, Aarhus, Denmark (VAX)/
 DARTCMS1  Dartmouth College Kiewit CC - CMS1
 DAVIDSON  Davidson Coll
 DAYTON    Univ of Dayton'
 DBIUNI11  Universitaet Bielefeld HRZ
 DBNGMD12  GMD Bonn, Germany
 DBNGMD21  GMD Bonn, Germany)
 DBNINF5   Uni Bonn Informatik, Germany)
 DBNISKP5  Strahlen-Kernphysik Uni Bonn+
 DBNMEB1   Inst. fuer med. Statistik Bonn"
 DBNPIB5   Physics Inst Uni Bonn#
 DBNRHRZ1  RHRZ Uni Bonn, Germany#
 DBNRHRZ2  RHRZ Uni Bonn, Germany+
 DBNUAMA1  Angewandte Mathematik Uni Bonn%
 DBNUOR1   Operations Research Bonn#
 DBNUZR1A  RHRZ Uni Bonn, Germany*
 DBNVB12   Anorganische Chemie, Uni Bonn%
 DBORUB01  Ruhr-Universitaet Bochum(
 DBSINF6   TU Braunschweig, Informatik)
 DBSNRV0   TU Braunschweig, NRV-Gateway+
 DBSTU1    TU Braunschweig, Rechenzentrum%
 DBTHRZ5   Uni Bayreuth RZ, Germany 
 DB0DIW11  DIW Berlin, Germany 
 DB0DSS81  FU Berlin ZEDAT DSS)
 DB0FHI01  FHI, Max-Planck-Ges., Berlin 
 DB0FUB03  FU Berlin ZEDAT CDC#
 DB0FUB11  FU Berlin IFAS,Germany 
 DB0HMI41  HMI Berlin, Germany+
 DB0PTZ1A  TU Berlin (Werkzeuge), Germany$
 DB0TUI0   TU Berlin Systemanalyse)
 DB0TUI11  TU Informatik, FB 20, Berlin%
 DB0TUI6   TU Berlin Informatik KBS%
 DB0TUI62  TU Berlin Informatik SWT 
 DB0TUI66  TUB Informatik ISTI*
 DB0TUM11  TU Maschinen, Berlin, Germany'
 DB0TUS11  TU Schiff und Meer, Berlin*
 DB0TUZ01  TU-Berlin Rechenzentrum (ZRZ) 
 DB0ZIB21  ZIB Berlin, Germany"
 DCZTU1    TU Clausthal, Germany(
 DDADVS1   TH Darmstadt, FB Informatik)
 DDAESA10  ESA ESOC, Darmstadt, Germany#
 DDAGMD11  GMD Darmstadt, Germany#
 DDAGSI1   GSI Darmstadt, Germany#
 DDAGSI1O  GSI Darmstadt, Germany#
 DDAGSI3   GSI Darmstadt, Germany)
 DDAGSI5   GSI Darmstadt (VAX), Germany"
 DDATHD21  TH Darmstadt, Germany"
 DDOHRZ11  Uni Dortmund, Germany%
 DDOINF6   Uni Dortmund, Informatik)
 DD0RUD81  Universitaet Duesseldorf, RZ'
 DEARN     EARN Central Node, Germany
 DENISON   Denison Univ
 DEPAUL    De Paul Univ
 DEPAULC   De Paul Univ
 DEPAULO   De Paul Univ*
 DERDBS5   Uni Erlangen IMMD VI, Germany"
 DERRZE0   Uni Erlangen, Germany"
 DERRZE1   Uni Erlangen, Germany
 DE0HRZ1A  Uni Essen, Germany)
 DE0WTZ1A  Uni Klinikum, Essen, Germany+
 DFNGATE   DFN Gateway at GMD DA, Germany&
 DFRHEP5U  H.E. Physik, Uni Freiburg&
 DFRHEP5V  H.E. Physik, Uni Freiburg"
 DFRRUF1   UNI Freiburg, Germany%
 DFTBIT    NASA GSFC Data Flow Tech(
 DFVLRBS1  DFVLR Braunschweig, Germany&
 DFVLRGO1  DFVLR Goettingen, Germany&
 DFVLRKP1  DFVLR Koeln-Porz, Germany*
 DFVLRLA1  DFVLR Lampoldshausen, Germany+
 DFVLROP1  DFVLR Oberpfaffenhofen Germany+
 DFVLROP2  DFVLR Oberpfaffenhofen Germany%
 DFVLRST1  DFVLR Stuttgart, Germany"
 DGAESO51  ESO Garching, Germany"
 DGAGRS2A  GRS Garching, Germany&
 DGAIPP1S  MPI Plasmaphysik Garching&
 DGAIPP5D  MPI Plasmaphysik Garching&
 DGAIPP5N  IPP (MPI f. Plasmaphysik)*
 DGAMPE5D  MPE (MPI f. Extrater. Physik)(
 DGATUM5P  TU Muenchen Physik, Germany&
 DGHGKSS4  GKSS, Geesthacht, Germany*
 DGIHRZ01  Universitaet Giessen, Germany(
 DGIPIG5   Uni Giessen Physik, Germany$
 DGOGWDG1  GWD Goettingen, Germany$
 DGOGWDG5  GWD Goettingen, Germany$
 DGOGWD01  GWD Goettingen, Germany+
 DGOWISO1  WISO-RZ Uni Goettingen,Germany$
 DHAFEU11  Fern-Uni Hagen, Germany(
 DHAFEU51  Fern-Uni Hagen (Informatik)!
 DHAFEU52  Fern-Uni Hagen (DVT)(
 DHAFEU61  Fern-Uni Hagen (Informatik) 
 DHBRRZ41  Universitaet Bremen)
 DHBRRZ45  Universitaet Bremen, Germany%
 DHDDKFZ1  DKFZ Heidelberg, Germany%
 DHDEMBL   EMBL Heidelberg, Germany%
 DHDEMBL5  EMBL Heidelberg, Germany%
 DHDIBM1   IBM WZH & ENC Heidelberg%
 DHDIBM1W  IBM WZH & ENC Heidelberg)
 DHDIHEP1  Hochenergiephysik Heidelberg)
 DHDIHEP5  Hochenergiephysik Heidelberg&
 DHDMPI5   MPI Kernphysik Heidelberg&
 DHDMPI5D  MPI Kernphysik Heidelberg&
 DHDMPI5H  MPI Kernphysik Heidelberg&
 DHDMPI5U  MPI Kernphysik Heidelberg&
 DHDMPI5V  MPI Kernphysik Heidelberg&
 DHDMPI5W  MPI Kernphysik Heidelberg&
 DHDMPI50  MPI Kernphysik Heidelberg&
 DHDMPI52  MPI Kernphysik Heidelberg(
 DHDPHY5   Physikal. Inst., Heidelberg+
 DHDTRN1   Immunolog. Institut Heidelberg#
 DHDUB1    UB Heidelberg, Germany$
 DHDURZ1   Uni Heidelberg, Germany$
 DHDURZ2   Uni Heidelberg, Germany"
 DHHDESY3  DESY Hamburg, Germany)
 DHHDKRZ5  Deutsches Klimarechenzentrum"
 DHHEMBL5  EMBL Hamburg, Germany*
 DHHLILOG  LILOG-R, Uni Hamburg, Germany"
 DHHMPI5D  MPI fuer Meteorologie*
 DHHUNI1   Universitaet Hamburg, Germany*
 DHHUNI4   Universitaet Hamburg, Germany)
 DHIAVM    PSU Dairy Herd Improv. Assn.+
 DHIURZ1   Hochschule Hildesheim, Germany#
 DHNFHS1   FHS Heilbronn, Germany)
 DHVIFW1   IFW, Univ. Hannover, Germany*
 DHVMHH1   MHRZ - MHH, Hannover, Germany*
 DHVRRZN0  RRZN, Univ. Hannover, Germany*
 DHVRRZN1  RRZN, Univ. Hannover, Germany
 DICKINSN  Dickinson College'
 DJUKFA11  KFA Juelich - ZAM, Germany'
 DJUKFA21  KFA Juelich - ZAM, Germany'
 DJUKFA52  KFA Juelich - IPP, Germany'
 DJUKFA53  KFA Juelich - SNQ, Germany'
 DJUKFA54  KFA Juelich - IFF, Germany$
 DKAAUCHE  Aarhus Univ., Chemistry#
 DKAFHS1   FHS Karlsruhe, Germany#
 DKAKFK11  KFK Karlsruhe, Germany#
 DKAKFK3   KFK Karlsruhe, Germany#
 DKAKFK51  KFK Karlsruhe, Germany)
 DKARH01   UNI-C, Aarhus, Denmark (CDC))
 DKARH02   UNI-C, Aarhus, Denmark (VAX)(
 DKATS11   Aarhus Tekniske Skole (ATS))
 DKAUNI0I  Uni Karlsruhe (IRA), Germany)
 DKAUNI0P  Uni Karlsruhe (IPF), Germany)
 DKAUNI11  Uni Karlsruhe, Rechenzentrum%
 DKAUNI12  Uni Karlsruhe, Telematik)
 DKAUNI14  Uni Karlsruhe, Rechenzentrum)
 DKAUNI4V  Uni Karlsruhe, Rechenzentrum)
 DKAUNI46  Uni Karlsruhe, Rechenzentrum)
 DKAUNI48  Uni Karlsruhe, Rechenzentrum%
 DKAUNI5T  Uni Karlsruhe, Telematik+
 DKCBS01   Copenhagen Business School, DK#
 DKDHI11   DHI, Horsholm, Denmark#
 DKDHI12   DHI, Horsholm, Denmark!
 DKDOU01   DOU, Odense, Denmark)
 DKEARN    UNI-C, Lyngby, Denmark (IBM) 
 DKHHA     HDC Aarhus, Denmark
 DKIBT     IBT
 DKIUNI0   Uni Kiel, Germany+
 DKJAU11   Aarhus Tekniske Skole, Denmark)
 DKLUNI01  RHRK Kaiserslautern, Germany)
 DKLUNI85  RHRK Kaiserslautern, Germany)
 DKLUNI86  RHRK Kaiserslautern, Germany*
 DKNBI51   Niels Bohr Institute, Denmark"
 DKNKURZ1  Uni Konstanz, Germany%
 DKSFI11   SFI, Copenhagen, Denmark#
 DKTC11    TC Copenhagen, Denmark+
 DKUCCC11  Univ. of Copenhagen, Comp.Ctr.)
 DKUNIL51  UNI-C, Lyngby, Denmark (VAX)
 DK0GRS2I  GRS Koeln, Germany
 DK0RRZK0  Uni Koeln, Germany
 DK0RRZK1  Uni Koeln, Germany)
 DK0UMI1   Mathem. Institut Univ. Koeln)
 DK0ZA1    Zentralarchiv Koeln, Germany
 DMAFHT1   FHT Mannheim"
 DMARUM8   Uni Mannheim, Germany*
 DMRHRZ11  Philipps-Universitaet Marburg"
 DMSWWU0X  Uni Muenster, Germany"
 DMSWWU1A  Uni Muenster, Germany"
 DMSWWU1C  Uni Muenster, Germany"
 DMSWWU1D  Uni Muenster, Germany"
 DMSWWU2B  Uni Muenster, Germany%
 DMSWWU5P  Uni Muenster, Kernphysik'
 DMZMPI5P  MPI Chemie, Mainz, Germany+
 DMZNAT51  IPH KCH KPH Uni Mainz, Germany(
 DMZRZU5P  Universitaet Mainz, Germany
 DMZRZU71  Uni Mainz, Germany&
 DMZUK1    Uni Klinik Mainz, Germany"
 DM0GSF11  GSF Muenchen, Germany(
 DM0GSF51  GSF-MEDIS Muenchen, Germany+
 DM0LRZ01  Leibniz Rechenzentrum Muenchen$
 DM0MPB51  MPI Biochemie, Muenchen+
 DM0MPF11  MPI psych. Forschung, Muenchen&
 DM0MPI11  MPI fuer Physik, Muenchen&
 DM0MPI12  MPI fuer Physik, Muenchen&
 DM0MPI53  MPI fuer Physik, Muenchen$
 DM0TUI1S  TU Informatik, Muenchen&
 DOCCRC    DOC Comm. Research Centre#
 DOLUNI1   Uni Oldenburg, Germany$
 DOSUNI    Uni Osnabrueck, Germany
 DRACO     Rutgers Univ CCIS
 DRAKE     Drake Univ
 DREW      Drew Univ
 DREXELVM  Drexel University*
 DRUEDS2   EDS Deutschland GmbH, Germany
 DRUNIVAC  Drew Univ*
 DRYCAS    Carnegie Mellon Univ Comp Clb)
 DSIHRZ51  Universitaet Siegen, Germany%
 DS0FBD11  FBD - Schulen, Stuttgart#
 DS0IFF5   Uni Stuttgart, Germany#
 DS0IFU56  Uni Stuttgart, Germany(
 DS0IKE51  IKE, Uni Stuttgart, Germany#
 DS0IND5   Uni Stuttgart, Germany#
 DS0ITA51  Uni Stuttgart, Germany)
 DS0LILOG  IBM LILOG Project, Stuttgart#
 DS0MPA51  MPA Stuttgart, Germany#
 DS0MPA52  MPA Stuttgart, Germany#
 DS0MPI11  MPI Stuttgart, Germany#
 DS0MSV1   Uni Stuttgart, Germany#
 DS0RUS0   Uni Stuttgart, Germany#
 DS0RUS1I  Uni Stuttgart, Germany#
 DS0RUS1P  Uni Stuttgart, Germany#
 DS0RUS51  Uni Stuttgart, Germany#
 DS0RUS52  Uni Stuttgart, Germany#
 DS0RUS54  Uni Stuttgart, Germany#
 DS0SYN51  Uni Stuttgart, Germany+
 DTUMED1   Uni Tuebingen, Med. Rechenzent#
 DTUMPI51  MPI Biologie Tuebingen*
 DTUPEV5A  Th. Astrophysik Uni Tuebingen'
 DTUZDV1   ZDV Uni Tuebingen, Germany%
 DTUZDV2   Uni Tuebingen - ZDV BASF'
 DTUZDV5A  ZDV Uni Tuebingen, Germany.
 DUCAIR    Univ of Denver Comptng & Info Res
 DUKE      Duke University!
 DUKEFSB   Duke U FUQUA Bus Sch
 DULFAW1A  FAW Ulm, Germany&
 DULRUU51  Universitaet Ulm, Germany
 DUPHY     Drexel University
 DUPHY1    Drexel University(
 DUPR      Drexel Univ Off Cmptng Srvs
 DUVM      Drexel University%
 DWIFH1    Fachhochschule Wiesbaden&
 DWUUNI21  RZ Uni Wuerzburg, Germany
 DW0URZ0   Uni Wuppertal, HRZ
 D00DEMO   Demo Node, Germany$
 EARNWRLD  EARN Demonstration node(
 EBCCUAB1  Univ. Autonoma de Barcelona+
 EBESADE0  E.S.A.D.E. (Barcelona - Spain)(
 EBRIEC01  Institut d'Estudis Catalans+
 EBRUPC51  Univ. Politecnica de Catalunya*
 EBUBECM1  Universidad Barcelona - Spain*
 EB0UAB51  Altes Energies-U.A. Barcelona*
 EB0UB011  Universidad Barcelona - Spain*
 EB0UB012  Universidad Barcelona - Spain%
 ECHMC     Harvey Mudd Col Eng Dept"
 ECLACSVM  ECLA, Computer Center(
 ECNCDC    Edu Computing Network of IL5
 ECSVAX    U of NC Gen'l Admin Cent Office - Educat/
 ECUVM1    East Carolina Univ Comp & Info Sys
 EDUCOM    EDUCOM
 EDUCOM2   EDUCOM'
 ELEULE11  Universidad de Leon, Spain"
 ELROY     University of Houston%
 EMBL      EMBL Heidelberg, Germany)
 EMDCCI11  IBM Scientific Center Madrid
 EMDCIE51  CIEMAT'
 EMDCSIC1  Centro de Calculo del CSIC+
 EMDICAI1  Univ. Pontificia Comillas, Sp.+
 EMDJEN11  CIEMAT (Junta Energia Nuclear)*
 EMDUAHM1  Universidad Alcala de Henares(
 EMDUAM11  Universidad Autonoma Madrid(
 EMDUAM12  Universidad Autonoma Madrid(
 EMDUAM51  Universidad Autonoma Madrid(
 EMDUCM11  Univ. Complutense de Madrid+
 EMDUPM11  Universidad Politecnica Madrid 
 EMORY     Emory U Math and CS#
 EMORYU1   Emory U Comp Ctr UNIX1#
 EMORYU2   Emory Univ Comptng Ctr*
 EMRCAN    Energy Mines & Resources Can.(
 EMRYCC    Emory Univ Comp Ctr VMS VAX#
 EMUVM1    Emory U Comp Ctr - VM1#
 EMUVM2    Emory U Comp Ctr - VM2
 ENAPSTG1  ENAP*
 ENS       Dept Mathematiques, ENS Paris+
 EOVUOV11  Universidad de Oviedo - C.P.D.$
 EPRI      Electric Power Res Inst
 ERENJ     Exxon Res & Eng Co
 EREVAX    Exxon Res & Eng Co"
 ESA       ESA HQ, Paris, France!
 ESASTSP   ESTEC / STSP Project)
 ESOC      ESA ESOC, Darmstadt, Germany&
 ESRIN     ESA/ESRIN Frascati, Italy+
 ESTEC     ESA ESTEC, Noordwijk, Netherl.$
 ETSU      East Tennessee St. Univ$
 ETSUACE   East Tennessee St. Univ4
 EUCLID    Univ of Texas Sys Off of Telecom. Srvcs
 EWC       East-West Center
 EWCN      East-West Center
 FAIR1     Fairfield Univ'
 FANDM     Franklin and Marshall Coll'
 FANDMA    Franklin and Marshall Coll'
 FANDMB    Franklin and Marshall Coll'
 FANDMC    Franklin and Marshall Coll(
 FARMNTON  Maine - Farmington Comp Ctr4
 FARRAND   Univ of Colorado Boulder - Farrand Hall
 FDACFSAN  FDA, CFSAN
 FERMI     Fermilab4
 FHCRCVAX  Fred Hutchinson Cancer Res Ctr Div Clin+
 FHCRCVM   Fred Hutchinson Cancer Res Ctr!
 FINABO    Abo Akademi, Finland(
 FINALKO   Alko Research Lab., Finland!
 FINFUN    FSCC, Espoo, Finland*
 FINGATE   Helsinki University of Techn.*
 FINHUT    Helsinki University of Techn.*
 FINHUTA   Helsinki University of Techn.*
 FINHUTC   Helsinki University of Techn.*
 FINHUTCS  Helsinki University of Techn.*
 FINHUTEE  Helsinki University of Techn.*
 FINHUTIT  Helsinki University of Techn.%
 FINJYU    Jyvaskyla Univ., Finland%
 FINKUO    Univ. of Kuopio, Finland%
 FINOU     Oulu University, Finland%
 FINOUC    Oulu University, Finland)
 FINTUT    Tampere University of Techn.)
 FINTUTA   Tampere University of Techn.$
 FINTUVM   Univ. of Turku, Finland'
 FINUH     Univ. of Helsinki, Finland'
 FINUHA    Univ. of Helsinki, Finland'
 FINUHB    Univ. of Helsinki, Finland+
 FINUHCB   Univ. of Helsinki, Phys. Comp.&
 FINUJO    Univ. of Joensuu, Finland
 FINVTT    VTT, Finland
 FINVTT1   VTT, Finland!
 FIPORT    FSCC, Espoo, Finland
 FNACP     Fermilab
 FNAL      Fermilab'
 FNALA     Fermi Natl Accelerator Lab
 FNALAD    FERMILAB Ntl Lab
 FNALB     Fermilab
 FNALBSN   Fermilab
 FNALB0    Fermilab
 FNALC     Fermilab
 FNALCDF   Fermilab'
 FNALDBG   FERMI Natl Accelerator Lab
 FNALE     Fermilab
 FNALF     Fermilab
 FNALG     Fermilab
 FNALH     Fermilab
 FNALI     Fermilab
 FNALJ     Fermilab
 FNALK     Fermilab
 FNALMDTF  Fermilab
 FNALNET   Fermilab
 FNALVM    Fermilab
 FNAL01    Fermilab
 FNAL03    Fermilab
 FNAL05    Fermilab
 FNAL17    Fermilab
 FNAL26    Fermilab
 FNAL27    Fermilab
 FNBIT     Fermilab
 FNCCF     Fermilab
 FNMFE     Fermilab
 FORDMULC  Fordham Univ
 FORDMURH  Fordham Univ 
 FORSYTHE  Stanford University*
 FOURCC    Harvey Mudd Col Comp Services+
 FRAIX11   Centre de Calcul Aix-Marseille
 FRAMP11   AMP$
 FRBDX11   CICBx, Bordeaux, France
 FRCAEN51  CCUC&
 FRCCRM51  INSERM, Villejuif, France(
 FRCCSC12  C.C.S.C, Strasbourg, France(
 FRCCSC13  C.C.S.C, Strasbourg, France(
 FRCCSC21  C.C.S.C, Strasbourg, France
 FRCCUB11  CCUB$
 FRCCUP51  CCUP, Marseille, France%
 FRCDF51   College de France, Paris'
 FRCECM51  CNRS - CECM, Vitry, France
 FRCGM51   CNRS - CGM%
 FRCICB81  C.I.C.B., Rennes, France#
 FRCICG71  CICG, Grenoble, France"
 FRCICT81  CICT Toulouse, France&
 FRCIIL71  C.I.R.I.L., Nancy, France'
 FRCIME51  C.I.M.E., Grenoble, France!
 FRCIRP71  CICRP, Paris, France
 FRCITI51  CITI 2#
 FRCITL71  C.I.T.I. Lille, France)
 FRCPN11   IN2P3 Centre de Calcul, Lyon
 FRCRN51   CRN - DIHE, France
 FRCRPE51  CNET/CRPE 
 FRCTHO11  CTHO, Orsay, France
 FRCTN11   C.T.N.
 FRDIM11   DIM&
 FRDRFG01  D.R.F. , Grenoble, France+
 FRECCL11  ECL et ESCL  ( Lyon ) , France'
 FRECP11   Ecole Centrale de Paris, F*
 FREIBA51  INSEAD, Fontainebleau, France'
 FREMBL51  E.M.B.L., Grenoble, France(
 FREMP11   Ecole des Mines de Paris, F
 FRENSL61  E.N.S.L*
 FRERB51   E.N.S.E.R.B., Talence, France"
 FRESA10   ESA HQ, Paris, France+
 FRESE51   Ecole Superieure d'Electricite 
 FRESTP11  ESTP, Paris, France)
 FRFLU51   LMFA, Ecole Centrale de Lyon&
 FRFUPL11  F.U.P.L. de Lille, France*
 FRGAG51   Groupe Astrophysique Grenoble 
 FRGAN01   GANIL, Caen, France#
 FRGETA11  GETA, Grenoble, France#
 FRGREN81  CICG, Grenoble, France)
 FRHEC11   Ecole Hautes Etudes Commerce+
 FRIAP51   Inst. d'Astrophysique de Paris%
 FRIBCP51  IBMC, Strasbourg, France+
 FRIBM11   Centre Scientifique IBM, Paris'
 FRIHAP31  Assistance Publique, Paris)
 FRIHBO11  C.R.I.H. de Bordeaux, France
 FRIHES61  IHES*
 FRIHMA21  C.R.I.H. de Marseille, France)
 FRIHVG11  S.I.R.,Villeneuve St Georges&
 FRILL     I.L.L. , Grenoble, France&
 FRILL51   I.L.L. , Grenoble, France&
 FRILL52   I.L.L. , Grenoble, France$
 FRIMFT11  I.M.F. Toulouse, France
 FRINA11   INA-PG
 FRINED51  INED*
 FRINRA11  INRA - CTIG, Jouy-en-Josas, F*
 FRINRA72  INRA - CTIS, Jouy-en-Josas, F
 FRINT51   INT
 FRIPN51   IPN$
 FRIRTS71  INRETS, Arcueil, France
 FRISIO11  ISIO - MIAGE
 FRIUTO11  IUT Orsay'
 FRLAAS61  L.A.A.S., Toulouse, France
 FRLAL51   LAL, Orsay, France!
 FRLAPP51  LAPP, Annecy, France*
 FRLASH51  LASH-ENTPE, Vaulx-en-Velin, F&
 FRLASM51  L.A.S., Marseille, France&
 FRLIM51   LIMSI-CNRS, Orsay, France
 FRLMCP61  LMCP
 FRLRI61   LRI-Orsay 
 FRLURE51  LURE, Orsay, France*
 FRMEU51   Observatoire de Paris, Meudon
 FRMNHN11  M.N.H.M'
 FRMOP11   CNUSC, Montpellier, France'
 FRMOP12   CNUSC, Montpellier, France'
 FRMOP22   CNUSC, Montpellier, France$
 FRMRS11   CCSJ, Marseille, France)
 FRNEAB51  OCDE, Gif-sur-Yvette, France 
 FRNICE51  CICNT, Nice, France+
 FROBES51  Observatoire de Besancon, Fran(
 FROBOR51  Observatoire de Bordeaux, F*
 FROCF51   O.P.G.C, Clermont-Ferrand, FR
 FROMP51   OMP+
 FROMRS51  Observatoire de Marseille, Fr.!
 FRONI51   Observatoire de Nice
 FROPT11   I.O.T.A!
 FRORS12   CIRCE, Orsay, France!
 FRORS13   CIRCE, Orsay, France!
 FRORS31   CIRCE, Orsay, France%
 FROSH     Harvey Mudd Col Eng Dept$
 FRPERP51  Universite de Perpignan+
 FRPGM11   I.U.T. Progem, Villeurbanne, F+
 FRPOI11   Centre Scientifique IBM, Paris%
 FRPOLY11  C.I. Ecole Polytechnique'
 FRPOLY52  LPNHE, Ecole Polytechnique%
 FRPQT51   P.Q.T., Toulouse, France*
 FRPROG61  GRECO Programmation, Bordeaux$
 FRPSTR01  Institut Pasteur, Paris+
 FRP8V11   Universite Paris 8 - Vincennes+
 FRSAC11   Centre Scientifique CEA Saclay)
 FRSAC12   CEN-SACLAY DPhPE, Gif/Yvette
 FRSIM51   SIM$
 FRSOL11   L.P.S.O., Orsay, France
 FRSRMP11  SRMP
 FRSUN12   SUNIST,
 FRTLS12   CERFACS"
 FRTOU71   CICT Toulouse, France+
 FRULM11   Ecole Normale Superieure Paris+
 FRULM52   Ecole Normale Superieure Paris*
 FRULM63   Dept Mathematiques, ENS Paris
 FRUNES21  UNESCO#
 FRUNIP11  Institut Blaise Pascal%
 FRUNIP62  CNRS-LITP, Paris, France
 FRUPPA51  CIUPPA%
 FRUPS51   Lab physique des solides(
 FRURBB51  URBB INSERM , Paris, France&
 FRUTC51   U.T.C., Compiegne, France 
 FRUTRS51  Universite de Tours
 FSU       Florida State U*
 FSURAI    FL State U Rsrch Instrtnl Sys*
 FSUSFS    Fl St U Spr-comp Frnt-end Sys&
 FSUSUP    FL State U Super Comp Sys#
 GACVAX1   Gustavus Adolphus Coll%
 GALLUA    Gallaudet Univ Comp Svcs%
 GALLUB    Gallaudet Univ Comp Svcs%
 GALLUE    Gallaudet Univ Comp Svcs
 GBURG     Gettysburg Coll
 GECRDVM1  GE R&D&
 GEN       CERN, Geneva, Switzerland$
 GENESEO   SUNY College at Geneseo
 GEO       U Southern Calif(
 GITATT1   Georgia Tech Computing Svcs#
 GITCDC1   Georgia Tech Comp Svcs#
 GITCDC2   Georgia Tech Comp Svcs#
 GITNVE2   Georgia Tech Comp Svcs(
 GITVM1    Georgia Tech Computing Svcs%
 GITVM2    Georgia Tech CAE/CAD Lab
 GMUVAX    George Mason U"
 GRATHUN1  UNATH, ATHENS, GREECE+
 GRCRUN11  UNCR, Heraklion, Crete, Greece+
 GRCRVAX1  UNCR, Heraklion, Crete, Greece+
 GREARN    RCCR, Heraklion, Crete, Greece/
 GRIFFIN   Univ of Georgia Experiment Station&
 GRIN1     Grinnell College Academic%
 GRIN2     Grinnell College - Admin
 GROGHE    USC - Groghe+
 GRPATVX1  CTI, Computer Engineering Dept#
 GSUMVS1   Georgia State U - MVS1"
 GSUVM1    Georgia State U - VM1&
 GSUVM2    Georgia State Univ CC VM2(
 GTFELIX   Georgia Tech Computing Svcs(
 GTRI01    Georgia Tech Research Inst.*
 GUNBRF    NBRF/ Georgetown Univ Med Ctr"
 GUVAX     Georgetown U Acad VAX
 GUVM      Georgetown U CIS!
 GWUVAX    GWU - School of Eng.)
 GWUVM     George Washington U Comp Ctr)
 HADASSAH  Hadassah University Hospital
 HAIFAUVM  Haifa University
 HAMLET    Caltech C3P/CCO
 HAMPVMS   Hampshire College
 HARTFORD  Univ of Hartford'
 HARVARD   Harvard U Computer Science
 HARVARDA  Harvard U OIT,
 HARVBMB   Harvard U Biochem & Molecul Bio
 HARVBUS1  Harvard U Bus Sch*
 HARVHEP   Harvard U High En Physics Lab%
 HARVISR   Harvard U Sociology Dept)
 HARVJMMY  Harvard U Biostat Res Cmptng"
 HARVLAW1  Harvard U Science Ctr.
 HARVPCNA  Harvard U Faculty Arts & Sciences"
 HARVSC3   Harvard U Science Ctr
 HARVSC5   Harvard HASCS2
 HARVSPHA  Harvard Univ Health Sci. Cmptng. Fac.2
 HARVSPHB  Harvard Univ Health Sci. Cmptng. Fac.&
 HARVUNXC  Harvard U Psychology Dept'
 HARVUNXH  Harvard U Computer Science%
 HARVUNXT  Harvard U Sociology Dept%
 HARVUNXU  Harvard U Science Center&
 HARVUNXW  Harvard U Psychology Dept(
 HASARA11  SARA Amsterdam, Netherlands(
 HASARA5   SARA Amsterdam, Netherlands)
 HBUNOS    Hebrew U. computation center&
 HCIBM     College of the Holy Cross&
 HCVAX     College of the Holy Cross(
 HDEDH1    Waterloopkundig Lab., Delft
 HDETNO51  TNO Delft"
 HDETUD1   TU Delft, Netherlands"
 HDETUD11  TU Delft, Netherlands"
 HDETUD2   TU Delft, Netherlands"
 HDETUD5   TU Delft, Netherlands(
 HDETUD51  Centr. DECnet node TU Delft&
 HDETUD52  TU Delft, The Netherlands&
 HDETUD53  TU Delft, The Netherlands&
 HEARN     Uni Nijmegen, Netherlands'
 HECMTL01  Hautes Etudes Commerciales*
 HEIIPO5   TU Eindhoven IPO, Netherlands)
 HEITHE5   TU Eindhoven CC, Netherlands)
 HEITUE1   TU Eindhoven CC, Netherlands)
 HEITUE5   TU Eindhoven CC, Netherlands)
 HEITUE51  TU Eindhoven CC, Netherlands%
 HENTHT5   Uni Twente, Enschede, NL%
 HENTHT51  Uni Twente, Enschede, NL%
 HENUT5    Uni Twente, Enschede, NL%
 HENUT51   Uni Twente, Enschede, NL'
 HGRRUG0   Uni Groningen, Netherlands'
 HGRRUG5   Uni Groningen, Netherlands"
 HGRRUG51  K.V.I., Groningen, NL(
 HGRRUG52  Dept. of Chem. U. Groningen&
 HHEOUH50  Open Universiteit Heerlen&
 HHEOUH51  Open Universiteit Heerlen&
 HHEOUH52  Open Universiteit Heerlen&
 HHEOUH53  Open Universiteit Heerlen&
 HHEOUH54  Open Universiteit Heerlen$
 HLERUL2   Uni Leiden, Netherlands$
 HLERUL5   Uni Leiden, Netherlands$
 HLERUL5I  Uni Leiden, Netherlands$
 HLERUL51  Uni Leiden, Netherlands$
 HLERUL52  Uni Leiden, Netherlands$
 HLERUL53  Uni Leiden, Netherlands$
 HLERUL54  Uni Leiden, Netherlands(
 HLERUL55  Uni Leiden, The Netherlands(
 HLERUL56  Uni Leiden, The Netherlands$
 HLERUL57  Uni Leiden, Netherlands$
 HLERUL58  Uni Leiden, Netherlands$
 HLERUL59  Uni Leiden, Netherlands*
 HLSDNL5   DNL Leidschendam, Netherlands*
 HLSDNL50  DNL Leidschendam, Netherlands*
 HLSDNL51  DNL Leidschendam, Netherlands&
 HLYCROSS  College of the Holy Cross&
 HLYCRSS1  College of the Holy Cross%
 HMARL5    Uni Limburg, Netherlands&
 HMCVAX    Harvey Mudd Col Comp Srvs+
 HNOESA10  ESA ESTEC, Noordwijk, Netherl.&
 HNYKUN11  Uni Nijmegen, Netherlands&
 HNYKUN22  Uni Nijmegen, Netherlands&
 HNYKUN51  Uni Nijmegen, Netherlands&
 HNYKUN52  Uni Nijmegen, Netherlands&
 HNYKUN53  Uni Nijmegen, Netherlands&
 HNYKUN55  Uni Nijmegen, Netherlands+
 HNYMPI51  Max Planck Inst., Nijmegen, NL+
 HNYMPI52  Max Planck Inst., Nijmegen, NL
 HOFSTRA   Hofstra Univ.
 HOSTOS    CUNY University Hostos Comm. Coll%
 HPEENR51  ENR, Petten, Netherlands(
 HRDKSW5   Kapteyn Sterrenwacht, Roden'
 HROEUR0M  Uni Rotterdam, Netherlands'
 HROEUR1   Uni Rotterdam, Netherlands'
 HROEUR11  Uni Rotterdam, Netherlands#
 HROEUR5   Erasmus Uni. Rotterdam'
 HROEUR51  Uni Rotterdam, Netherlands
 HSETC     HSETC$
 HTIKHT5   Katholieke Uni. Brabant$
 HTIKUB5   Katholieke Uni. Brabant(
 HUARP1    Harvard U Atmos Res Project%
 HUCHE1    Harvard U Chemistry VAX1%
 HUGSE1    Harvard U Grad Sch of Ed*
 HUHEPL    Harvard U High Energy Physics*
 HUJIAGRI  Hebrew U. Agricalture faculty'
 HUJICS    Hebrew U. Computer Science)
 HUJIDS    HUJI Dental School, Hadassah%
 HUJIFH    Hebrew U Chemics faculty&
 HUJIIBM   Hebrew U. Computer Center%
 HUJIMD    Hebrew U. Medical school(
 HUJINIX   Hebrew U. Comput.Centr.Unix)
 HUJINOS   Hebrew U. computation center(
 HUJINOS2  Hebrew U computation center$
 HUJIPRMA  Hebrew U. Mt. Scopus CC$
 HUJIPRMB  Hebrew U. Mt. Scopus CC&
 HUJIVMS   Hebrew U. Computer Center&
 HUJIVM1   Hebrew U. Computer Center"
 HULAW1    Harvard U Science Ctr%
 HUMAIN    Howard Univ Central Comp"
 HUMA1     Harvard U Science Ctr
 HUMBER    Humber College'
 HUMUS     Hebrew U. Computer Science"
 HUNTER    CUNY - Hunter College3
 HUSCGW    Harvard U Science Ctr BITNET Mail Gtwy
 HUSC2     Harvard HASCS"
 HUSC3     Harvard U Science Ctr%
 HUSC4     Harvard U Science Center
 HUSC5     Harvard HASCS"
 HUSC6     Harvard U Science Ctr"
 HUSC7     Harvard U Science Ctr"
 HUSC8     Harvard U Science Ctr#
 HUSSLE    Harvard U Physics Dept%
 HUTRUU0   Uni Utrecht, Netherlands%
 HUTRUU51  Uni Utrecht, Netherlands%
 HUTRUU52  Uni Utrecht, Netherlands%
 HUTRUU53  Uni Utrecht, Netherlands
 HUTRUU54  Uni Utr, Fac Chem*
 HUTRUU59  Uni Utr Fac Lett, Netherlands!
 HUTSUR51  SURFnet, Netherlands'
 HUXTAL    Harvard U Mole Bio Cmptng.(
 HVRFORD   Haverford Col Acad Comp Ctr)
 HWALHW5   Landbouwuniv. Wageningen, NL)
 HWALHW50  Landbouwuniv. Wageningen, NL
 IAEA1     IAEA)
 IAFBIT    NASA GSFC Image Analysis Fac
 IAGO      Caltech CCO IAGO!
 IASSNS    Inst for Advan Study!
 IASSUN    Inst for Advan Study%
 IBACSATA  C.S.A.T.A. - Bari, Italy)
 IBGUNIV   Universita' di Bergamo Italy
 IBMLABNN  IBM Canada Labs!
 IBOCNR    CNR - Bologna, Italy'
 IBOINFN   INFN/Cnaf - Bologna, Italy
 IBRDVM1   World Bank
 IBSUCSC   UCSC Milano, Italy
 IBUUCSC   UCSC Milano, Italy$
 ICINECA   CINECA - Bologna, Italy$
 ICINECA1  CINECA - Bologna, Italy$
 ICINECA2  CINECA - Bologna, Italy$
 ICINECA3  CINECA - Bologna, Italy'
 ICNUCEVB  CNUCE - C.N.R. Pisa, Italy'
 ICNUCEVM  CNUCE - C.N.R. Pisa, Italy'
 ICNUCEVS  CNUCE - C.N.R. Pisa, Italy'
 ICNUCEVX  CNUCE - C.N.R. Pisa, Italy)
 ICSATAXA  Tecnopolis CSATA Novus Ortus#
 ICSCRAI   C.R.A.I., Rende, Italy'
 ICSUNIV   Universita' della Calabria
 ICUNIX    Ithaca College
 IDBSU     BSU
 IDCSVAX   Univ of Idaho
 IDUI1     U Idaho"
 IECSEC    ECSEC IBM Italy, Rome#
 IECVM1    IEC, La Hulpe, Belgium
 IFASGNV   Univ of Florida*
 IFICHIM   Dip. CHIMICA   Firenze, Italy+
 IFIIDG    Inst. Doc. Giuridica - Firenze'
 IFISTAT   Fac. Econ. e Comm. Firenze&
 IFRESA10  ESA/ESRIN Frascati, Italy&
 IGECUNIV  Universita' Genova, Italy&
 IGEICE    I.C.E.-CNR, Genova, Italy#
 IITVAX    Illinois Inst Tech/ACC
 ILCTEHOL  CTE, HOLON
 ILGSI     GSI#
 ILJCT     JCT, Jerusalem, Israel$
 ILNCRD    NCRD, Jerusalem, Israel$
 ILNITE    NITE, Jerusalem, Israel
 ILNPL     INPL, Israel'
 IMEUNIV   Universita' Messina, Italy
 IMIAGIP1  AGIP S.p.A.*
 IMIBOCCO  Univ. BOCCONI - Milano, Italy"
 IMICISE   CISE  - Milano, Italy+
 IMICLVM   CILEA, Segrate - Milano, Italy+
 IMICLVX   CILEA, Segrate - Milano, Italy(
 IMIPOLI   Politecnico - Milano, Italy$
 IMISIAM   SIAM IFC, Milano, Italy$
 IMISIAM2  SIAM IFC, Milano, Italy$
 IMISIAM3  SIAM IFC, Milano, Italy+
 IMIUCCA   Calcolo Autom.   Milano, Italy
 IMIUCSC   UCSC Milano, Italy
 IMIUNI    UNI, Milano, Italy+
 IMIVMHEP  CILEA, Segrate - Milano, Italy&
 INACRIAI  C.R.I.A.I. Napoli - Italy&
 INAMVSXA  C.R.I.A.I. Napoli - Italy
 INDST     Indiana State Univ
 INDYCMS   Indiana/Purdue U
 INDYMED   Indiana/Purdue U
 INDYVAX   Indiana/Purdue U2
 INSTEPS   Indiana Univ Stwde Teah Elec Prod Sys$
 INTERBIT  BITNET-Internet Gateway#
 IONA      Iona College Music Sys"
 IONAACAD  Iona College Comp Ctr&
 IPACRES   C.R.E.S. - Palermo, Italy+
 IPACUC    University Comp. Ctr - Palermo
 IPCUCSC   UCSC Milano, Italy*
 IPDCNR    CNR - Area di Ricerca, Padiva%
 IPDUNIV   Padova University, Italy"
 IPDUNIVX  Universita' di Padova*
 IPGCUIC   Centro Universitario, Perugia*
 IPGUNIV   Universita' di Perugia, Italy)
 IPIFIDPT  Dipartimento di Fisica, Pisa+
 IPIINFN   INFN - S. Piero a Grado - Pisa(
 IPIINFO   Dip. Informatica Univ. Pisa+
 IPISNSIB  Scuola Normale Superiore, Pisa+
 IPISNSVA  Scuola Normale Superiore, Pisa+
 IPIVAXIN  INFN - S. Piero a Grado - Pisa(
 IPRUNIV   Universita' di Parma, Italy 
 IPVCCN    C.C.N. Pavia, Italy%
 IPVIAN    I.A.N.-CNR, Pavia, Italy
 IRIS      IRIS"
 IRISHMVS  U Notre Dame Comp Ctr 
 IRISHVM   U Notre Dame PC Lab 
 IRISHVM2  U Notre Dame PC Lab&
 IRISHVX2  U Notre Dame Physics Dept&
 IRLEARN   University College Dublin
 IRMCNR    CNR Roma, Italy+
 IRMCRA    Ist. Ricerche Aerospaz. - Roma$
 IRMECOSA  Universita' La Sapienza$
 IRMEMU    INFN - EMU, Roma, Italy
 IRMFAO00  FAO
 IRMFAO01  FAO+
 IRMIAS    Ist. Astro. Spaz. (CNR) - Roma!
 IRMIASI   IASI CNR Roma, Italy$
 IRMINGSA  Universita' La Sapienza"
 IRMISRDS  ISRDS CNR Roma, Italy+
 IRMISS    Ist Superiore di Sanita', Roma!
 IRMITSE   CNR ITSE Roma, Italy+
 IRMKANT   CNR Polo Biologico Roma, Italy'
 IRMLNF    INFN/LNF - Frascati, Italy
 IRMLUISS  LUISS Roma"
 IRMUGWA   Uni Rom I LAN gateway$
 IRMUNISA  Universita' La Sapienza+
 IRM2CIV   Dip. Ingen. Civile Univ Roma 2'
 IRTCORK   Regional Tech College Cork+
 IRUCCIBM  University College Cork, Irel.
 IRUCCVAX  IRUCCVAX"
 ISEARN    University of Iceland"
 ISRAEARN  IBM Israel SC - Haifa3
 ISUCARD   Iowa State U Ctr. Agricul. & Rural Dev*
 ISUEVAX   Iowa State U Eng. VAX Cluster"
 ISUMVS    Iowa State U Comp Ctr#
 ISUVAX    Iowa State VAX Cluster
 ITAMVMS1  ITAM
 ITHACA    Ithaca College(
 ITIVAX    Information Technology Inst&
 ITNCISCA  Universita' Trento, Italy(
 ITOCSIP   CSI Piemonte, Torino, Italy$
 ITOIMGC   I.M.G.C. (CNR) - Torino+
 ITOINFO   Dip. Informatica Torino, Italy)
 ITOPOLI   Politecnico di Torino, Italy)
 ITOPOLI1  Politecnico di Torino, Italy)
 ITOPOLI2  Politecnico di Torino, Italy)
 ITOPOLI3  Politecnico di Torino, Italy)
 ITOPOLI4  Politecnico di Torino, Italy*
 ITORIPTO  Ricerche e Progetti Torino, I*
 ITSOGS    Exp. Geophys. Observ. Trieste"
 ITSSISSA  SISSA, Trieste, Italy&
 IUBACS    Indiana U Bloomington ACS)
 IUBUS     Indiana Univ Sch of Business(
 IUBVM     Indiana Univ Bloomington VM)
 IUCF      Indiana Univ Cyclotron Facil
 IUIS      Indiana/Purdue U
 IUP       Indiana U of Penn+
 IVEUNCC   Universita' di Venezia, Italia
 JAXLAB    Jackson Lab&
 JAXOM     U Southern Calif Eng Dept
 JCSVAX1   Jersey City St Co
 JCUVAX    John Carroll Univ
 JCVAXA    John Carroll Univ
 JHHMVS    JHU HCF#
 JHHVM     JHU Hosp Info Sys Dept
 JHUHYG    Johns Hopkins U(
 JHUHYG2   JHU School of Public Health%
 JHUIGF    Johns Hopkins Univ - IGF
 JHUNIX    JHU HCF)
 JHUP      Johns Hopkins U High En Phys
 JHUVM     JHU HCF
 JHUVMS    JHU HCF,
 JILA      Joint Inst for Lab Astrophysics+
 JJAYVM    CUNY University John Jay. Coll$
 JMUVAX1   James Madison Univ VAX1
 JPNCCKU   Kyushu Univ
 JPNCUN10  Nanzan Univ
 JPNCUN20  Nanzan Univ$
 JPNDENTU  Osaka Electro-Comm Univ
 JPNHIROA  Hiroshima Univ 
 JPNICEPP  Univ of Tokyo ICEPP0
 JPNISSP   Univ of Tokyo/Inst for Solid St Phy)
 JPNJAERI  Japan Atomic Energy Res Inst 
 JPNKBUDS  Dept of Systems Eng
 JPNKEIO   Keio Univ
 JPNKEKTR  KEK TRISTAN+
 JPNKEKVM  Kou Enerugi Ken, Tsukuba Japan
 JPNKEKVX  KEK Network.
 JPNKISCI  Kyushu Institute of Tech - Iizuka%
 JPNKISCT  Kyushu Institute of Tech$
 JPNKIT    Kanazawa Inst. of Tech.
 JPNKUDPC  Kyoto Univ
 JPNKUHEL  Kyoto U HEPL%
 JPNKYOTO  Kyoto Univ Dept Info Sci
 JPNMU11   Meiji Univ$
 JPNNIHOC  Nihon U Col of Commerce!
 JPNNME    Natl Museum of Ethol$
 JPNNUCBA  Nagoya Univ of Commerce
 JPNNUHEP  Nagoya U HEPL
 JPNOIT10  Osaka Inst of Tech%
 JPNONRI   Okazaki Nat'l Res Instit
 JPNOSAKA  Osaka Univ Ed Ctr
 JPNOSKFM  Osaka U HEPL
 JPNSNU10  Setsunan Univ
 JPNSNU20  Setsunan Univ
 JPNSUT00  Science U of Tokyo"
 JPNSUT01  Science Univ of Tokyo$
 JPNSUT10  Science U Tokyo - Japan/
 JPNSUT20  Science U Tokyo - Japan Kagurazaka*
 JPNSUT3A  Science U Tokyo - Japan, Noda*
 JPNSUT30  Science U Tokyo - Japan, Noda$
 JPNSUT31  Science U of Tokyo Noda
 JPNSUT40  Science U of Tokyo$
 JPNSUT50  Scienc U Tokyo Y J Coll
 JPNSWU10  Showa Women's Univ
 JPNTAMA0  Tamagawa Univ
 JPNTHKVX  Tohoku Univ!
 JPNTIU01  Tokyo Intern'tl Univ
 JPNTKUVM  Tokyo Keizai U
 JPNTOHOK  Tohoku Univ
 JPNTSCVM  IBM Tokyo Research#
 JPNTSUKU  Univ of Tsukuba - SIPC
 JPNUTDME  Univ of Tokyo 
 JPNUTINS  Univ of Tokyo - INS-
 JPNUTKOM  Univ of Tokyo Coll of Arts & Sci
 JPNWAS00  Waseda Univ
 JULIET    Caltech CCO!
 JVNC      John Von Neumann Ctr!
 JVNCC     John Von Neumann Ctr!
 JVNCD     John Von Neumann Ctr)
 KB001     CUNY - Kingsborough Comm Col
 KENTASHT  Kent S U Ashtabula$
 KENTELIV  Kent S U East Liverpool
 KENTGEAU  Kent S U Geauga#
 KENTGOLD  Kent S U Info Services
 KENTSALM  Kent S U Salem
 KENTSTAR  Kent S U Stark
 KENTTRUM  Kent S U Trumbull&
 KENTTUSC  Kent S U Tuscarawas Cmpus#
 KENTVM    Kent S U Info Services#
 KENTVMS   Kent S U Info Services
 KRHYUCC1  Hanyang Univ
 KRKOREA1  Korea Univ 
 KRSNUCC1  Seoul Nat'l Univ CC
 KRYSUCC1  Yonsei Univ&
 KSUVAX1   Kansas St U Comp Sci Dept
 KSUVM     Kansas State U CC#
 KTN       TC Copenhagen, Denmark(
 KULCS     Kath. Univ. Leuven, Belgium
 KYLARA    U Southern Calif
 LAFAYACS  Lafayette College
 LAFAYETT  Lafayette College1
 LAGCC     CUNY University LaGuardia Comm. Coll
 LAKEHEAD  Lakehead U!
 LAMPF     Los Alamos Nat'l Lab!
 LAMPX1    Los Alamos Nat'l Lab"
 LAUADMIN  Laurentian University"
 LAUCOSC   Laurentian University"
 LAUVAX01  Laurentian University
 LAVALMU1  U Laval
 LAVALVM1  Laval U
 LAVALVM2  U Laval
 LAVALVX1  U Laval
 LAWRENCE  Lawrence Univ'
 LBL       Lwrce Berkly Lab Comp Serv"
 LCLARK    Lewis & Clark College%
 LCVAX     Lehman Col Acad Comp Ctr"
 LEARN     IBM Israel SC - Haifa'
 LEHICDC1  Lehigh Univ CC - Cyber 850$
 LEHICIM1  Lehigh Univ CIM Lab VM1/
 LEHIGH    Lehigh Univ Comp Ctr - Ntwk Server+
 LEHIIBM1  Lehigh Univ Comp Ctr - IBM4381"
 LEHMAN    CUNY - Lehman College
 LEMOYNE   Le Moyne College*
 LEPICS    L3, CERN, Geneva, Switzerland*
 LFAEUAB   Altes Energies-U.A. Barcelona'
 LINKS812  BITNET Nodes Version Entry
 LIUVAX    Long Island Univ'
 LNCC      Lab Nat'l Comp Cientificia'
 LNCCVM    Lab Nat'l Comp Cientificia 
 LOYOLA    Loyola U of Chicago
 LOYVAX    Loyola College, MD-
 LSUCHE    Louisiana State Univ Chem Eng VM$
 LSUENG    Louisiana St U Coll Eng$
 LSUMVS    Louisiana St U Comp Ctr$
 LSUVAX    Louisiana St U Comp Ctr$
 LSUVM     Louisiana St U Comp Ctr 
 LUCCPUA   Loyola U of Chicago
 LUSUN     Lakehead U
 LUVMS     Lakehead U)
 LUXCEP11  CEPS, Walferdange, Luxemburg
 MACALSTR  Macalester College%
 MAINE     U Maine Computing Center
 MANVAX    Manhattan Coll
 MARFSHVM  Marist Col(
 MARICOPA  Maricopa Cty Comm Coll Dist
 MARIST    Marist Col
 MARISTA   Marist Col
 MARISTB   Marist Col
 MARISTC   Marist Col
 MARISTF   Marist Col
 MARMVS    Marist Col
 MARVMXA   Marist Col(
 MAX       U Washington Acad Comp Srvs
 MCCVM1    Macomb Comm Co!
 MCGILLA   McGill U Comp Centre
 MCGILLB   McGill U
 MCGILLC   McGill U!
 MCGILLM   McGill U MUSIC Group
 MCGILLVS  McGill U Comp Ctr
 MCGILL1   McGill U Comp Ctr
 MCGILL2   McGill U Comp Ctr!
 MCGILL3   McGill U MUSIC Group
 MCMASTER  McMaster U CIS%
 MCMVM1    McMaster U Inf Proc Svcs$
 MCO       Medical College of Ohio*
 MCOIARC   Med Col Ohio Img Anal Res Ctr
 MCVAX     CWI Amsterdam*
 MECAN1    U Maine Computer Appl Network)
 MEDCOLWI  Medical College of Wisconsin.
 MEDGAR    CUNY University Medgar Evers Coll-
 MERCURY   New Jersey Inst of Tech Conf Ctr
 MERIT     Merit Comp Net
 MHC       Mount Holyoke Coll*
 MIAMIU    Miami U Academic Comp Service)
 MIAVX1    Miami Univ Oxford Campus VAX+
 MIAVX2    Miami Univ Hamilton Campus VAX-
 MIAVX3    Miami Univ Middletown Campus VAX
 MIDD      Middlebury College$
 MILLERSV  Millersville Univ of PA
 MINES     Colorado Sch Mines$
 MIPS      MPI Biochemie, Muenchen
 MIRRIM    U Southern Calif+
 MITBATES  MIT Wm. Bates Linear Accel Lab-
 MITECCF1  Mass Inst Tech Sloan Sch of Mgmt2
 MITFBNML  Mass Inst of Tech FB Nat'l Magnet Lab
 MITLNS    Mass Inst of Tech.+
 MITRLEVM  Mass Inst of Tech Res Lab Elec2
 MITVBUD   MIT Budget, Actng, & Sponsos Programs'
 MITVMA    Mass Inst of Tech Info Sys
 MITVMC    MIT Admin VM/CMS
 MITVMD    MIT Admin VM/CMS4
 MITWCCF   MIT - Whitaker College Health Sci, Tech0
 MITWIBR   MIT Whitehead Instit for Biomed Res
 MONTCOLA  Montgomery Coll
 MONTCOLB  Montgomery Coll
 MONTCOLC  Montgomery Coll&
 MOUSE     U Southern Calif Eng Dept.
 MSMFVM    NBS Molecular Structure Model Fac2
 MSRCVAX   Mt. Sinai Sch of Med Res Comp of CUNY+
 MSSTATE   Mississippi State Univ CC 1100*
 MSU       Mich State Univ. Computer Lab 
 MSUCEM    MSU Dept. Chemistry)
 MSUEGR    Mich State Univ. Engineering
 MSUKBS    MSU KBS
 MSUNSCL   MSU NSCL
 MSUPA     MSU Physics Dept+
 MSUS1     State Univ System of Minnesota
 MSVU      Mt St Vincent U
 MSVUVAX1  Mt St Vincent U%
 MTA       Mount Allison U Comp Ctr%
 MTAM      Mount Allison U  (MUSIC)
 MTSUNIX1  Montana State Univ%
 MTUS5     Michigan Tech Univ Sys 52
 MTUVAXA   Michigan Tech Univ Ctr for Exper Comp
 MUCSD     Marquette Univ
 MUN       Memorial U. of NF'
 MUSC      Med U S Carolina - csx/irm'
 MUSCVM    Med U S Carolina - csx/irm
 MUSOCS    McGill U Comp Sci 
 MUVMS1    Marshall U Comp Ctr 
 MUVMS2    Marshall U Comp Ctr 
 MUVMS3    Marshall U Comp Ctr&
 MVSNRC00  National Research Council-
 NAIC      Nat'l A & I Ctr - Arecibo Observ(
 NAS       Nat'l Acad of Sci PC/Netwrk)
 NASAGISS  NASA Goddard Inst Space Stud$
 NASVM     Nat'l Acad of Sci VM/SP"
 NAUVAX    Northern Arizona Univ"
 NAUVM     Northern Arizona Univ
 NAVPGS    Naval Postgrad Sch+
 NBS       NBS Consolidated Scie Comp Sys"
 NBSENH    NBS Ex. Networks Host'
 NBSMICF   NBS Mgmt. Info. Comp. Fac.&
 NCARIO    Nat'l Ctr for Atmosph Res
 NCCIBM1   US EPA'
 NCSAVMS   U Ill Ntl Crt Sprcomp Appl'
 NCSAVMSA  U Ill Ntl Ctr Sprcomp Appl'
 NCSAVMSB  U Ill Ntl Ctr Sprcomp Appl5
 NCSUADM   North Carolina State Univ Admin Comp Ctr
 NCSUCE    NCSU Civil Eng*
 NCSUCHE   North Carolina St U Chem Engr!
 NCSUECE   NCSU Elec & Comp Eng 
 NCSUIE    NCSU Industrial Eng'
 NCSUMAE   NCSU  Mech & Aerospace Eng&
 NCSUMAEV  NCSI Mech & Aerospace Eng#
 NCSUMATH  North Carolina State U 
 NCSUMEAS  North Carolina St U
 NCSUMTE   NCSU Materials Eng(
 NCSUNE    N Caro S U Dept of Nucl Eng
 NCSUPHYS  NC State Univ 
 NCSUSTAT  North Carolina St U"
 NCSUVAX   NCSU Computing Center"
 NCSUVM    NCSU Computing Center'
 NDRADLAB  U Notre Dame Radiation Lab&
 NDSUVAX   ND Higher Ed Computer Net&
 NDSUVM1   ND Higher Ed Computer Net*
 NEMOMUS   Northeast Missouri State Univ*
 NEMOVM    Northeast Missouri State Univ$
 NER       Florida NE Reg Data Ctr$
 NERVM     Florida NE Reg Data Ctr+
 NEUMVS1   UNI-C, Lyngby,Denmark (AMDAHL)(
 NEUVMS    Northeastern U Dept Physics)
 NEUVM1    UNI-C, Lyngby, Denmark (IBM)"
 NEVIS     Nevis Lab, Columbia U/
 NIEHS     Nat'l Instit of Environ Health Sci/
 NIEHSC    Nat'l Instit of Environ Health Sci/
 NIEHSD    Nat'l Instit of Environ Health Sci/
 NIEHSE    Nat'l Instit of Environ Health Sci4
 NIHCU     National Institutes of Health (IBM 370)3
 NIHCUDEC  National Institutes of Health (DEC-10)0
 NIHCULSU  National Institutes of Health (LSU)5
 NIHCUSV1  National Institutes of Health (Server 1)5
 NIHCUTST  National Institutes of Health (Test/Dev)/
 NIHDCRT   National Institutes of Health DCRT5
 NIHKLMB   National Institutes of Health, NIDDK/LMB
 NIU       N Ill U
 NIUENG    N Ill U(
 NJECNVM   New Jersey Edu Computer Net(
 NJECNVM1  New Jersey Edu Computer Net(
 NJECNVM2  New Jersey Edu Computer Net(
 NJECNVS   New Jersey Edu Computer Net%
 NMSU      New Mexico St U Comp Ctr%
 NMSUMVS1  New Mexico St U Comp Ctr%
 NMSUVM1   New Mexico St U Comp Ctr&
 NNOMED    LSU Med Ctr - New Orleans)
 NOBERGEN  University of Bergen, Norway"
 NOBIVM    BI, Bekkestua, Norway
 NOFDB     NLH-Aas, Norway$
 NORUNIT   U. of Trondheim, Norway
 NORUNIX   RUNIT
 NORWICH   Norwich Univ*
 NRAO      Nat'l Radio Astronomy Observ.+
 NRCBSP    NRC Bilogical Sciences Protein&
 NRCCAD    National Research Council*
 NRCCIT    NRC Cdn. Inst. of Indus. Tech+
 NRCDAO    NRC Dominion Astrophysical Obs+
 NRCDRA    NRC Dominion Radio Astro. Obs.#
 NRCHEM    NRC Chemistry Division$
 NRCHEP    NRC High Energy Physics
 NRCHYD    NRC Hydraulics Lab*
 NRCIDO    NRC Industry Development Off.&
 NRCNET    National Research Council!
 NRCPHY    NRC Physics Division+
 NRCRAO    NRC Dominion Astrophysical Obs&
 NRCVM01   National Research Council
 NSF       NSF%
 NSHMED    LSU Med Ctr - Shreveport'
 NTIVAX    Nanyang Technological Inst&
 NTSMUSIC  Univ of North Texas MUSIC&
 NTSUVAX   Univ of North Texas VAX B&
 NTSUVAXA  Univ of North Texas VAX A&
 NTSUVAXB  Univ of North Texas VAX B)
 NTSUVM1   Univ of North Texas Comp Ctr1
 NUACC     Northwestern Univ Vogelback Comp Ctr1
 NUCYB     Northwestern Univ Vogelback Comp Ctr+
 NUHUB     Northeastern U Comptng Res Ctr&
 NUNO      Univ New Orleans Admin DP'
 NUSDISCS  National Univ of Singapore'
 NUSEEV    National Univ of Singapore'
 NUSVM     National Univ of Singapore'
 NUS3090   National Univ of Singapore)
 NYBVX1    NYU Graduate Business School 
 NYSPI     New York Psych Inst%
 NYUACF    New York U Academic Comp%
 NYUACF1   New York U Academic Comp%
 NYUACF6   New York U Academic Comp%
 NYUACF7   New York U Academic Comp 
 NYUCCVM   New York U Comp Ctr
 NYUCIMSA  New York U CIMS0
 NYUCMCL1  New York U Courant Math & Comp. Lab)
 NYUGBA    NYU Graduate Business School
 NYUMED    New York U Med Ctr*
 NY001     CUNY - New York City Tech Col
 OBERLIN   Oberlin College 
 OBERON    Stanford University
 OCC       Oakland Comm Co
 OCLCRSUN  OCLC
 ODUVM     Old Dominion U'
 OHSTCH    Ohio State U Chem Dept VAX4
 OHSTHR    Ohio State U Ctr for Human Resource Res
 OHSTMVSA  Ohio State U IRCC*
 OHSTPHRM  Ohio State Univ Coll of Pharm'
 OHSTPY    Ohio State U Physics Dept.
 OHSTVMA   Ohio State U IRCC!
 OHSTVMB   Ohio State U CAD/CAM+
 OLY       U Washington Academic Comp Ctr%
 OPIE      Bowling Green State Univ$
 OREGON    Univ of Oregon VAX 8800
 OREGON1   U of O CC-
 ORION     New Jersey Inst of Tech Conf Ctr 
 ORNLSTC   Oak Ridge Nat'l Lab
 ORSTATE   Oregon State UCS
 ORSTATE1  Oregon State UCS
 ORSTVM    Oregon State Univ.&
 OSHKOSHW  Univ of Wisconsin Oshkosh#
 OSUCC     Oklahoma State Univ CC
 OUACCVMA  Ohio Univ, Athens
 OUACCVMB  Ohio Univ Athens
 OWUCOMCN  Ohio Wesleyan Univ4
 PACE      Pace Univ Pleasantville-Briarcliff Camp4
 PACEVM    Pace Univ Pleasantville-Briarcliff Camp
 PANAM     Pan American Univ
 PANAM1    Pan American Univ
 PANAM2    Pan American Univ$
 PASTEUR   Institut Pasteur, Paris(
 PCMATH    Pomona Col Mathematics Dept"
 PENNDRLN  U Penn DRL Comp Facil"
 PENNDRLS  U Penn DRL Comp Facil
 PENNHEP1  U Penn Physics
 PENNLRSM  U Penn Matter Lab1
 PEPPCDRM  Pepperdine Univ Admin Cmptng IBM MVS*
 PEPVAX    Pepperdine Univ Acad Comp VAX-
 PERN      U Southern Calif Engineering Sch%
 PHOBOS    Caltech Astronomy PHOBOS(
 PISCES    Rutgers Univ CCIS Vax Clust'
 PITTUNIX  U Pittsburgh Comp Info Sys'
 PITTVMS   U Pittsburgh Comp Info Sys"
 PLU       Pacific Lutheran Univ"
 PLU1      Pacific Lutheran Univ#
 POLYGRAF  Polytechnic U Comp Ctr#
 POLYTECA  Ecole Polytechnique VM#
 POLYTECH  Polytechnic U Comp Ctr 
 POLYTEC1  Ecole Polytechnique 
 POLYTEC2  Ecole Polytechnique 
 POLYTEC3  Ecole Polytechnique 
 POMONA    Pomona Col Comp Ctr"
 PORTAL    U Calif Santa Cruz VM&
 PORTLAND  U Maine Portland Comp Ctr,
 PPLCATS   Princeton Univ PLasma Phys. Lab%
 PRATT     Pratt Institute Comp Ctr(
 PSUACL    Penn St U Arch Computer Lab
 PSUADMIN  PSU Mgmt. Srvs!
 PSUALT    Penn State U Altoona$
 PSUARCH   Penn St U Arch Comp Lab'
 PSUARL    Penn State Applied Res Lab'
 PSUARLA   Penn State Applied Res Lab'
 PSUARLB   Penn State Applied Res Lab'
 PSUARLC   Penn State Applied Res Lab$
 PSUCEMD   Penn St U Engr Comp Lab&
 PSUCES    Penn State U Comm. Ed Sys&
 PSUCES1   Penn State U Comm. Ed Sys&
 PSUCES3   Penn State U Comm. Ed Sys#
 PSUCHEM   Penn State - Chemistry!
 PSUCURT   Penn State U CompSci&
 PSUDEC10  Penn State U Eng Comp Lab
 PSUDG1    Penn State U$
 PSUECL    Penn St U Engr Comp Lab$
 PSUECLA   Penn St U Engr Comp Lab$
 PSUECLB   Penn St U Engr Comp Lab$
 PSUECLC   Penn St U Engr Comp Lab+
 PSUECL2   Penn State Engin. Computer Lab$
 PSUED1    Penn State U Coll of Ed$
 PSUHCX    Penn St U Engr Comp Lab5
 PSUHMC    Penn State U Hershey Med Ctr. Res. Cmptn5
 PSUHMED   Penn State U Hershey Med Ctr. Res. Cmptn+
 PSULEPS   Penn State Elmnt. Particle Lab+
 PSULEPSA  Penn State Elmnt. Particle Lab+
 PSULEPSH  Penn State Elmnt. Particle Lab+
 PSULEPSI  Penn State Elmnt. Particle Lab+
 PSULEPSR  Penn State Elmnt. Particle Lab(
 PSULIAS   PSU Library Info Access Sys"
 PSUMEV    Penn St U Mech. Engr."
 PSUMVS    Penn State University$
 PSUNUCE   Penn State U Eng. Dept.#
 PSUORVM   Portland State Univ CC"
 PSUPDP1   Penn State University'
 PSUPEN    Penn State U Agric Ext Net'
 PSUPENA   Penn State U Agric Ext Net'
 PSUPENB   Penn State U Agric Ext Net
 PSUSUN01  Penn State U CAC'
 PSUVALM   Penn S U Comp Sci VLSI Dev&
 PSUVALP   Penn SU Comp Sci VLSI Dev
 PSUVAXG   Penn State U
 PSUVAXS   Penn State U!
 PSUVAX1   Pennsylvania State U"
 PSUVM     Penn State U Comp Ctr$
 PSUVMS1   Penn St U Engr Comp Lab
 PSUVMXA   Penn State U CAC$
 PSU2020   Penn St U Engr Comp Lab+
 PTEARN    Universidade de Lisboa Portug.)
 PTIFM     INST. DE FISIca e Matematica!
 PUCC      Princeton University
 PUCFACEA  Pontificia Univ!
 PUFORBES  Princeton University!
 PUMIS     Princeton University!
 PUNFS     Princeton University
 PURCCVM   Purdue U Comp Ctr$
 PURCHE    Purdue U Chem Engr Dept!
 PURVLSI   Purdue U EE VLSI Lab!
 PU1879    Princeton University*
 QB001     CUNY - Queensborough Comm Col 
 QCUNIX    Queens College CUNY 
 QCVAX     Queens College CUNY 
 QCVAXA    Queens College CUNY 
 QCVAXB    Queens College CUNY 
 QCVAXC    Queens College CUNY
 QUCDN     Queen's University)
 QUCDNAST  Queen's University Astronomy)
 QUCDNCMC  Queen's U Can Microelec Corp+
 QUCDNEE   Queen's Electrical Engineering+
 QUCDNEE1  Queen's Electrical Engineering'
 QUCDNSUR  Queen's University Surgery+
 QUCDNTRI  Queen's Electrical Engineering
 QUCIS     Queen's University"
 QUEENS    CUNY - Queens College 
 QZCOM     QZ Stockholm Sweden 
 QZKOM     QZ Stockholm Sweden
 RADFORD   Radford Univ,
 RAMOTH    U Southern Calif Chemistry Dept%
 RCN       Regents Computer Network
 REED      Reed College
 REGINA    U Regina
 RHIT      Rose-Hulman Inst.
 RHODES    Rhodes College CC
 RICE      Rice Univ ICSA"
 RICECSVM  Rice U Comp Sci Dept.
 RITA      UW San Diego RUAC#
 RITVAX    Rochester Inst of Tech#
 RITVAXA   Rochester Inst of Tech#
 RITVAXB   Rochester Inst of Tech#
 RITVAXC   Rochester Inst of Tech#
 RITVAXD   Rochester Inst of Tech$
 RITVAXL   Rochester Inst of Tech.#
 RITVAXN   Rochester Inst of Tech*
 RITVAXO   Rochester Inst of Tech (NTID)
 RITVM     RITISC#
 RLG       Research Libraries Grp
 RLVM370   RAL Great Britain#
 RMC       Royal Military College#
 ROCKVAX   Rockefeller University
 ROHVM1    Rohm & Haas Co
 ROMEO     Caltech CCO3
 ROSATBIT  NASA GSFC ROSAT Data/Mgmt Info Pro Sys
 ROSEDALE  ETS 
 RPICICGD  RPI Graphics Center 
 RPICICGE  RPI Graphics Center
 RPICMPVM  RPI Ctr Mfg Prod
 RPITSGW   RPI Info Tech Srvs
 RPITSMTS  RPI Info Tech Srvs*
 RUIPC1E   EDS Deutschland GmbH, Germany"
 RUTGERS9  Rutgers Univ CCIS MVS*
 RUTHEP    Rutgers U High Energy Physics"
 RUTVM1    Rutgers Univ CCIS VM1
 RYERSON   Ryerson%
 RZRUB     Ruhr-Universitaet Bochum)
 SAAM      U Washington Ctr for Bioeng.
 SALK      Salk Instit
 SAMFORD   Samford Univ
 SASK      U Saskatchewan+
 SBBIOVM   SUNY Stony Brook Biol Sci Comp+
 SBCCMAIL  SUNY Stony Brook Comp Ctr Mail&
 SBCCVM    SUNY Stony Brook Comp Ctr"
 SBHEP     U Calif Santa Barbara$
 SBITP     UCSB Inst Theor Physics-
 SC        U Southern Calif Engineering Sch&
 SCFMVS    NASA Space & Earth Sci CC&
 SCFVM     NASA Space & Earth Sci CC&
 SCRANTON  Univ of Scranton Comp Ctr&
 SCRVMSYS  Univ of Scranton Comp Ctr
 SCU       Santa Clara Univ!
 SDNET     Dakota State College(
 SDSC      San Diego Supercomputer Ctr$
 SDSUMUS   South Dakota State Univ$
 SDSUVM    South Dakota State Univ 
 SEARN     QZ Stockholm Sweden%
 SEASVM    GWU - School of Eng. IBM#
 SECTHF51  CTH Gothenburg, Sweden
 SEGATE    SUNET'
 SEGUC11   Gothenburg Universities CC'
 SEGUC21   Gothenburg Universities CC
 SEKTH     KTH
 SELDC51   LDC Lund, Sweden
 SELDC52   LDC Lund, Sweden$
 SELIUC51  LIDAC Linkoping, Sweden"
 SELIUIDA  IDA Linkoping, Sweden"
 SELIUI51  IDA Linkoping, Sweden#
 SEMASSU   Southeastern Mass Univ'
 SEMAX51   Uppsala University, Sweden
 SENECA    Seneca College 
 SEQZ01    QZ Stockholm Sweden 
 SEQZ02    QZ Stockholm Sweden 
 SEQZ11    QZ Stockholm Sweden 
 SEQZ21    QZ Stockholm Sweden 
 SEQZ51    QZ Stockholm Sweden*
 SER       S Reg Data Ctr Tamiami Campus
 SERVAX    SERDAC!
 SESTAK    Stacken, KTH Sweden.*
 SESUF51   Stockholm University, Physics
 SETONMUS  Seton Hall Univ CC
 SETONVM   Seton Hall U CC 
 SEUDAC21  UDAC Uppsala Sweden
 SEUMDC01  Umdac UMEA
 SEUMDC51  UMDAC Umea, Sweden)
 SFAUSTIN  Stephen F. Austin State Univ"
 SFBSYS    U Calif San Francisco%
 SFI       SFI, Copenhagen, Denmark%
 SFU       Simon Fraser U Comp Svcs%
 SFUVM     Simon Fraser U Comp Svcs
 SHCC      Shriners Hospital
 SHERCOL1  Sheridan College#
 SHSU      Sam Houston State Univ#
 SHSUODIN  Sam Houston State Univ#
 SHSUTHOR  Sam Houston State Univ+
 SIMVAX    Univ of Minnesota Sim Resource
 SITVXA    Stevens Inst Tech
 SITVXB    Stevens Inst Tech
 SITVXC    Stevens Inst Tech-
 SIUCVMB   Southern Illinois U - Carbondale-
 SIUEMUS   Southern Illinois Univ Edwardsvl-
 SIUEVM    Southern Illinois Univ Edwardsvl
 SIVM      Smithsonian Instit(
 SI001     CUNY - Col of Staten Island
 SKIDMORE  Skidmore College 
 SLACASP   SLAC ASP Experiment
 SLACESA   SLAC End Station A'
 SLACHRS   SLAC High Res Spectrometer&
 SLACMAC   SLAC Magnetic Calorimeter"
 SLACMKII  SLAC Mark-II Detector'
 SLACMK3   SLAC Mark-III Detector Exp"
 SLACM2    SLAC Mark-II Detector
 SLACPCR   SLAC PCR*
 SLACPHYS  SLAC TPC/Two-Gamma Experiment
 SLACSLC   SLAC SLC
 SLACSLD   SLAC SLD Detector
 SLACTBF   SLAC TBF*
 SLACTPC   SLAC TPC/Two-Gamma Experiment*
 SLACTPCS  SLAC TPC/Two-Gamma Experiment*
 SLACTWGM  SLAC TCP/Two-Gamma Experiment)
 SLACUCSD  SLAC TCP/2-Gamma Expt (UCSD)!
 SLACVM    SLAC Computer Center!
 SLCSL     St. Lawrence College-
 SLOAN     Mass Inst Tech Sloan Sch of Mgmt
 SLUVCA    Saint Louis Univ
 SMCVAX    St. Michael's Coll
 SMITH     Smith College*
 SMSVAXA   Southwest Missouri State Univ*
 SMSVMA    Southwest Missouri State Univ*
 SMSVMB    Southwest Missouri State Univ%
 SMUVM1    Southern Methodist U ACC1
 SNYALFBA  SUNY of NY College of Tech at Alfred-
 SNYBKADM  SUNY Health Science Ctr Brooklyn-
 SNYBKSAC  SUNY Health Science Ctr Brooklyn&
 SNYBROBA  SUNY College at Brockport$
 SNYBUFBA  SUNY College at Buffalo$
 SNYBUFVA  SUNY College at Buffalo#
 SNYCANBA  SUNY College at Canton"
 SNYCENVM  SUNY Central Admin CC'
 SNYCOBBA  SUNY College at Cobleskill%
 SNYCORBA  SUNY College at Cortland*
 SNYDELBA  SUNY Coll of Technol at Delhi%
 SNYFARBA  SUNY College Farmingdale%
 SNYFREBA  SUNY College at Fredonia$
 SNYGENBA  SUNY College at Geneseo%
 SNYMORBA  SUNY College Morrisville&
 SNYNEWBA  SUNY College at New Paltz)
 SNYOLDBA  SUNY College at Old Westbury$
 SNYONEBA  SUNY College at Oneonta#
 SNYOSWBA  SUNY College at Oswego(
 SNYPLABA  SUNY College at Plattsburgh(
 SNYPLADG  SUNY College at Plattsburgh$
 SNYPOTBA  SUNY College at Potsdam 
 SOLAR     Stanford University-
 SOVSET    Univ of Arizona - Soviet Studies
 SPCVXA    St. Peter's Co
 SREL      Univ of Georgia)
 SSRL750   Stanford Synchrotron Rad Lab 
 STANFORD  Stanford University
 STEVENS   Stevens Inst Tech
 STLAWU    St. Lawrence Univ"
 STMARYS   St. Mary's University+
 STMARYTX  St. Mary's Univ of San Antonio+
 STSCI     Space Telescope Science Instit
 SUAIS     Syracuse U AIS
 SUCAD1    Syracuse U CAD/CAM
 SUCAD1A   Syracuse U CAD/CAM(
 SUHEP     Syracuse U High Energy Phys 
 SUMVS     Syracuse University
 SUNRISE   Syracuse U
 SUNSET    Syracuse U'
 SUNYBCS   SUNY Buffalo Comp Sci Dept
 SUNYBING  SUNY Binghamton*
 SUNYSBNP  SUNY Stony Brook Physics Dept 
 SUSOLAR   Stanford University 
 SUVM      Syracuse University 
 SUWATSON  Stanford University%
 SUZEUS    Syracuse Univ Comp. Sys.
 SWARTHMR  Swarthmore College
 SWATPRM   Swarthmore College'
 SWTEXAS   Southwest Texas State Univ'
 SWTNYSSA  Southwest Texas State Univ'
 SWTTEGAN  Southwest Texas State Univ
 TAMAGEN   TAMU/AG Eng 
 TAMBIGRF  Texas A&M U Biochem&
 TAMCBA    Texas A&M U Acad Comp Ctr+
 TAMCGF    Texas A&M Engineering Graphics'
 TAMCHEM   Texas A&M U Chemistry Dept*
 TAMCOMP   Texas A&M Univ Cyclotron Inst
 TAMENTO   TAMU/ENTO
 TAMGEOP   TAMU/GEOP*
 TAMKBS    Texas A&M U Learning Tech Ctr 
 TAMLMSB   Texas A&M Univ LMSB
 TAMLSR    Texas A&M U CS/LSR
 TAMMEACA  Texas A&M U ME/CAD
 TAMMML    Texas A&M U MML
 TAMMVS1   TAMU/CSC*
 TAMNIL    Texas A&M U Learning Tech Ctr
 TAMODP    TAMU ODP%
 TAMPHYS   Texas A&M U Physics Dept
 TAMSIGMA  Texas A&M Univ ECS&
 TAMSTAR   Texas A&M U Comp Srvs Ctr 
 TAMTCSL   Texas A&M U EE-TCSL!
 TAMTURBO  Texas A&M Univ TURBO%
 TAMUNIX   Texas A&M U Computing SC&
 TAMVENUS  Texas A&M U Comp Srvs Ctr
 TAMVM1    TAMU/CSC(
 TAMVXEE   Texas A&M U Electrical Engr*
 TAMVXOCN  Texas A&M U Oceanography Dept
 TAMVXRSC  Texas A&M U MML 
 TANDEM    McMaster Tandem Lab&
 TARLETON  Tarleton State Univ - DPC)
 TAUENG    Tel Aviv Univ. Engin. School 
 TAUNIVM   Tel Aviv University 
 TAUNOS    Tel Aviv University#
 TAUPHY    TAU Physics Department 
 TAURUS    Tel Aviv University 
 TAUVE     Tel Aviv University!
 TAUWISE   TAU Wise observatory'
 TCSMUSA   Tulane U Comp Svcs Music A#
 TCSMVS    Tulane U Comp Svcs MVS$
 TCSVM     Tulane U Comp Svcs - VM!
 TCUAMUS   Texas Christian Univ!
 TCUAVM    Texas Christian Univ!
 TCUAVMS   Texas Christian Univ!
 TCUBVM    Texas Christian Univ
 TECHCDC   Technion - CDC
 TECHDPD   Technion - Haifa+
 TECHMAX   Technion-Biomedical Engineerng
 TECHMVS   Technion - Haifa
 TECHNION  Technion - Haifa
 TECHSEL   Technion - Haifa
 TECHUNIX  Technion - Haifa#
 TECMTYSB  Monterrey Inst of Tech#
 TECMTYVM  Monterrey Inst of Tech#
 TEMPLEVM  Temple U Comp Activity4
 THENIC    Univ of Texas Sys Off of Telecom. Srvcs3
 TIFTON    Univ of Georgia Coastal Plains Exp Sta#
 TJWATSON  IBM Watson Sci Res Ctr'
 TMPLCIS   Temple U Computer Activity0
 TMPLNOS   Temple University Computer Activity'
 TMPLSUPR  Temple U Computer Activity 
 TNTECH    Tennessee Tech Univ,
 TOBY      U Washington Acad Comp Ctr VAX1
 TOWSONVX  Towson State Univ
 TOWSON1   Towson State Univ
 TOWSON2   Towson State Univ*
 TRANAVM1  Anadolu University, Eskisehir*
 TRANAVM2  Anadolu University, Eskisehir
 TRANSY    Transylvania Univ%
 TRAPPER   Bowling Green State Univ'
 TRBILUN   Bilkent University, Ankara+
 TRBOUN    Bosphorus University, Istanbul*
 TREARN    Ege University, Izmir, Turkey
 TRENT     Trent+
 TRFIRAT   Firat University, Elazig, Turk
 TRINCC    Trinity College
 TRINCC2   Trinity College'
 TRINITY   Trinity Univ Computing Ctr
 TRITU     I.T.U
 TRIUMFCL  TRIUMF Research$
 TRIUMFER  TRIUMF Research - ERICH
 TRIUMFRG  TRIUMF Research 
 TRIUVM11  Istanbul University*
 TRMETU    Middle East Tech. Uni. Ankara(
 TRYILDIZ  Yildiz University, Istanbul
 TSCVM     Trenton State Co&
 TSSNRC00  National Research Council(
 TTACS     Texas Tech U Acad Comp Srvs(
 TTACS1    Texas Tech U Acad Comp Srvs(
 TTACS2    Texas Tech U Acad Comp Srvs$
 TTU       Texas Tech U Comp Facil(
 TTUHSC    Texas Tech U Health Sci Ctr(
 TTUHSCVM  Texas Tech U Health Sci Ctr$
 TTUVM1    Texas Tech U Comp Facil%
 TUB       TU Berlin Informatik KBS 
 TUBISTI   TUB Informatik ISTI)
 TUBVM     TU Informatik, FB 20, Berlin*
 TUBZRZ    TU-Berlin Rechenzentrum (ZRZ) 
 TUCC      Triangle U Comp Ctr 
 TUCCVM    Triangle U Comp Ctr
 TUFTS     Tufts U
 TUGATE    Tufts Univ
 TULIPS    Tufts Univ
 TULSA     Univ of Tulsa'
 TUNL      Triangle Univ. Nuclear Lab
 TUNS      TECH U. OF NS)
 TUT       Tampere University of Techn."
 TWNCTUCS  Nat'l Chiao-Tung Univ$
 TWNCTU01  National Chia-Tung Univ"
 TWNMOE10  Ministry of Ed Taiwan"
 TWNMOE20  Ministry of Ed Taiwan
 TWNSCU10  Soochow Univ"
 TWSUVAX   Wichita State Univ CC"
 TWSUVM    Wichita State Univ CC"
 UABCMC    U Alabama B'ham - CMC!
 UABCVSR   U Alabama Birmingham!
 UABTUCC   U Alabama Birmingham'
 UAFMUSA   Univ of Arkansas Main Camp'
 UAFSYSA   Univ of Arkansas Main Camp'
 UAFSYSB   Univ of Arkansas Main Camp)
 UALR      Univ of Arkansas Little Rock$
 UALTAMTS  U Alberta Comp Svcs MTS$
 UALTAVM   U Alberta Comp  Svcs VM#
 UAM       Univ Autonoma Metropol%
 UAMS      Univ of Arkansas Med Sci
 UA1VM     U Alabama Comp Ctr*
 UBCMTSA   University of BC Admin system#
 UBCMTSG   U of BC General System,
 UBCMTSL   University of BC Library system
 UBVM      SUNY/Bflo CC
 UBVMS     SUNY/Bflo CC
 UBVMSA    SUNY/Bflo CC
 UBVMSB    SUNY/Bflo CC
 UBVMSC    SUNY Bflo CC
 UBVMSD    SUNY Bflo CC&
 UCAR      Nat'l Ctr for Atmosph Res
 UCBAMBER  U Calif Berkeley
 UCBARPA   U Calif Berkeley
 UCBBACH   U Calif Berkeley
 UCBBERYL  U Calif Berkeley
 UCBBIZET  U Calif Berkeley
 UCBBKYAS  U Calif Berkeley
 UCBBRAHM  U Calif Berkeley
 UCBBUDDY  U Calif Berkeley
 UCBCAD    U Calif Berkeley
 UCBCALDE  U Calif Berkeley
 UCBCARTA  U Calif Berkeley
 UCBCCHEM  U Calif Berkeley
 UCBCED    U Calif Berkeley
 UCBCEVAX  U Calif Berkeley
 UCBCMSA   U Calif Berkeley
 UCBCOGSC  U Calif Berkeley
 UCBCORAL  U Calif Berkeley
 UCBCORY   U Calif Berkeley
 UCBDALI   U Calif Berkeley
 UCBDAVIN  U Calif Berkeley
 UCBDEAN   U Calif Berkeley
 UCBDEGAS  U Calif Berkeley
 UCBDOROT  U Calif Berkeley
 UCBEAR    U Calif Berkeley
 UCBEAST   U Calif Berkeley
 UCBERNIE  U Calif Berkeley
 UCBEROS   U Calif Berkeley
 UCBESVAX  U Calif Berkeley
 UCBEULER  U Calif Berkeley
 UCBFRANN  U Calif Berkeley
 UCBGARNE  U Calif Berkeley
 UCBHOLDE  U Calif Berkeley
 UCBIC     U Calif Berkeley
 UCBICW    U Calif Berkeley
 UCBINGRE  U Calif Berkeley$
 UCBJADE   U Calif Berkeley Campus$
 UCBJANUS  U Calif Berkeley Campus
 UCBJASON  U Calif Berkeley
 UCBJASPE  U Calif Berkeley
 UCBJI     U Calif Berkeley
 UCBKEPLE  U Calif Berkeley
 UCBKIM    U Calif Berkeley
 UCBLAPIS  U Calif Berkeley
 UCBLILAC  U Calif Berkeley
 UCBMATIS  U Calif Berkeley
 UCBMAXWE  U Calif Berkeley
 UCBMEDEA  U Calif Berkeley
 UCBMERLI  U Calif Berkeley
 UCBMIRO   U Calif Berkeley
 UCBMONET  U Calif Berkeley
 UCBNEWTO  U Calif Berkeley
 UCBOKEEF  U Calif Berkeley
 UCBOZ     U Calif Berkeley
 UCBPEARL  U Calif Berkeley
 UCBQAL    U Calif Berkeley
 UCBRENOI  U Calif Berkeley
 UCBROSE   U Calif Berkeley
 UCBSEYMO  U Calif Berkeley
 UCBSHADO  U Calif Berkeley
 UCBSIM    U Calif Berkeley
 UCBSOE    U Calif Berkeley
 UCBSRC    U Calif Berkeley
 UCBSSL    U Calif Berkeley
 UCBSYLVI  U Calif Berkeley
 UCBTOPAZ  U Calif Berkeley
 UCBTULIP  U Calif Berkeley
 UCBUGS    U Calif Berkeley
 UCBUNIXS  U Calif Berkeley
 UCBVANGO  U Calif Berkeley
 UCBVAX    U Calif Berkeley
 UCBVIOLE  U Calif Berkeley
 UCBWEYL   U Calif Berkeley
 UCBZOOEY  U Calif Berkeley
 UCCCMVS   U Cincinnati
 UCCCVM1   U Cincinnati&
 UCCMVSA   U Calif System-wide Admin&
 UCCMVSB   U Calif System-wide Admin&
 UCCVMA    U Calif System-wide Admin)
 UCCVMB    Univ Calif System-wide Admin#
 UCCVMS    Oklahoma State Univ CC'
 UCDASVM1  U Calgary Dept Admin Servs&
 UCDAVIS   Univ of California, Davis&
 UCDHEP    Univ of California, Davis,
 UCFCS     U Central Florida Comp Sci Dept
 UCF1VM    U Central Florida.
 UCHASTRO  Univ of Chicago - Astron/Astrophy
 UCHCECVM  Univ de Chile CEC
 UCHCECVX  Univ de Chile!
 UCHDCI01  Univ de Chile DESECI&
 UCHICAGO  U Chicago Computation Ctr&
 UCHIMVS1  U Chicago Computation Ctr'
 UCHISTEM  U Chicago Crewe Laboratory%
 UCI       U California Comptng Fac%
 UCICP6    U California Comptng Fac+
 UCIPPRO   U CA Irvine, Publ Policy Rsrch$
 UCIVMS    U Calif Irvine Comp Ctr$
 UCIVMSA   U Calif Irvine Comp Ctr$
 UCIVMSC   U Calif Irvine Comp Ctr#
 UCLAAIS   Univ California LA AIS
 UCLABIO   UCLA Bio Dept.
 UCLACH    UCLA Chem Dept.%
 UCLAHEP   UCLA High Energy Physics
 UCLAIEPI  UCLA IE Physics*
 UCLAMVS   U Calif Los Angeles Acad Comp*
 UCLAMVSX  U Calif Los Angeles Acad Comp"
 UCLAPH    UCLA Dept. of Physics,
 UCLARUAC  Univ Calif Los Angeles UCLA/OAC'
 UCLASAUP  UCLA - Arch and Urban Plng(
 UCLASP    UCLA Space & Plasma Physics
 UCLASS    UCLA Space Science.
 UCLASSCF  U Calif Los Angeles Soc Sci Facil)
 UCLASTRO  UCLA Department of Astronomy*
 UCLATMOS  U Calif LA UCLA Atmos Science"
 UCLAUE    UCLA Crystallog. Res.*
 UCLAVM    U Calif Los Angeles Acad Comp*
 UCLAVMB   U Calif Los Angeles Acad Comp,
 UCOLMCC   Univ of Colorado Health Sci Ctr
 UCONNMVS  U Connecticut
 UCONNVM   U Connecticut(
 UCRPHYS   U Calif Riverside Phys Dept,
 UCRVMS    U Calif Riverside Acad Comp Ctr+
 UCSBUXA   U Calif Santa Barbara Comp Ctr+
 UCSBUXB   U Calif Santa Barbara Comp Ctr+
 UCSBVM    U Calif Santa Barbara Comp Ctr&
 UCSCA     U Calif Santa Cruz Unix A&
 UCSCC     U Calif Santa Cruz Unix C/
 UCSCCRLI  Univ of California Comp Res Lab VM1
 UCSCCRLJ  Univ of California Comp Res Lab, Jup1
 UCSCCRLP  Univ of California Comp Res Lab Pger4
 UCSCCRLS  Univ of California Comp. Res Lab Saturn1
 UCSCCRLV  Univ of California Comp Res Lab Vger&
 UCSCD     U Calif Santa Cruz Unix D&
 UCSCE     U Calif Santa Cruz Unix E*
 UCSCERIS  Univ of California Physics Bd&
 UCSCF     U Calif Santa Cruz Unix F&
 UCSCG     U Calif Santa Cruz Unix G&
 UCSCH     U Calif Santa Cruz Unix H#
 UCSCHU    U Calif Santa Cruz H&A&
 UCSCI     U Calif Santa Cruz Unix I&
 UCSCJ     U Calif Santa Cruz Unix J&
 UCSCK     U Calif Santa Cruz Unix K&
 UCSCL     U Calif Santa Cruz Unix L(
 UCSCLICK  U Calif Santa Cruz Lick Obs+
 UCSCLOA   Univ of California Lick Observ&
 UCSCM     U Calif Santa Cruz Unix M.
 UCSCMVS   U Calif Santa Cruz CATS IBM (MVS)"
 UCSCO     U Calif Santa Cruz VM"
 UCSCVM    U Calif Santa Cruz VM+
 UCSCZ     Univ of California CC Series Z4
 UCSD      Univ of California San Diego Acad Gatwy2
 UCSDMVSA  Univ of California San Diego AdCom Op&
 UCSFBCL   U CA San Fran Biochem Lab&
 UCSFCCA   U Calif San Fran Comp Ctr#
 UCSFCCB   U CA San Fran Comp Ctr(
 UCSFCGL   U CA San Fran Comp Grap Lab)
 UCSFCOPE  UCSF Clinic for Lab Medicine#
 UCSFC255  U CA San Fran Clin Lab*
 UCSFC450  U of California San Francisco*
 UCSFFFFT  U of California San Francisco,
 UCSFHC    U Calif San Fran Hosp & Clinics'
 UCSFMIS   U CA San Fran Med Info Sci,
 UCSFNMR   U CA San Fran Nuc Mag Reson Lab*
 UCSFUSE   U of California San Francisco%
 UCSFVIVO  U CA San Fran Infect Lab"
 UCSFVM    U Calif San Francisco(
 UCVVM1    Univ Catolica de Valparaiso
 UC780     U of Maryland#
 UDACSVM   University of Delaware 
 UDCVAX    U Dist Columbia VAX%
 UDCVM     U Dist Columbia Comp Ctr
 UDEM      U Moncton%
 UDESMA    University of Sherbrooke%
 UDESMB    University of Sherbrooke%
 UDESVM    University of Sherbrooke4
 UDPLATO   University of Delaware Off of Instruct.
 UFENG     U Florida Col Engr&
 UFFSC     U Florida Faculty Sup Ctr
 UFGATE    U Florida CIRCA
 UFPINE    U Florida CIRCA&
 UFSIA     UFSIA, Antwerpen, Belgium
 UGA       Univ of Georgia
 UGABUS    Univ of Georgia
 UGACDC1   Univ of Georgia
 UGAIBM1   Univ Georgia
 UGAMUSIC  Univ of Georgia
 UGAXA     Univ of Georgia
 UGA205    Univ Georgia(
 UHCCMV    U Hawaii Comp Ctr, Hon, USA(
 UHCCMVS   U Hawaii Comp Ctr, Hon, USA
 UHCCUX    U Hawaii Comp Ctr(
 UHCCVM    U Hawaii Comp Ctr, Hon, USA(
 UHCCVX    U Hawaii Comp Ctr, Hon, USA%
 UHCL2     University of Houston/CL+
 UHDVX2    University of Houston/Downtown/
 UHHEPG    Univ of Hawaii High Enrgy Phys Grp
 UHNIX1    U Houston Comp Ctr
 UHNIX2    U Houston Comp Ctr"
 UHOU      University of Houston
 UHPLATO   U Hawaii Comp Ctr(
 UHRCC     U Houston Research Comp Ctr*
 UHRCC2    U Houston Research Comp Ctr 2
 UHUPVM1   U Houston Comp Ctr"
 UHVAX1    University of Houston"
 UHVAX8    University of Houston
 UIAECE    U Iowa
 UIAMVS    U Iowa
 UIAPRB    U Iowa4
 UICBAL    Univ of Illinois Chicago Biomolec Analy
 UICMVS    U Illinois Chicago(
 UICMVSA   U Illinois Chicago AISS/ACC
 UICPHY    U Illinois Chicago
 UICVM     U Illinois Chicago(
 UICVMC    U illinois Chicago AISS/ACC
 UICVM2    U Illinois Chicago#
 UIUCDENR  UIUC _ Dept. Nat. Res.+
 UIUCHEPA  U Illinois High Energy Physics+
 UIUCHEPB  U Illinois High Energy Physics+
 UIUCHEPG  U Illinois High Energy Physics 
 UIUCMRL   U Illinois Comp Ctr)
 UIUCNPL   U Ill- Urb-Champ Nuc Phy Lab'
 UIUCSCS   Univ of Illinois Chemistry
 UIUCVMC   UIUC - ENGR
 UIUCVMD   UIUC _ CSO-
 UIUCVME   U Illinois Urbana-Cham Comp Svcs
 UKACRL    RAL Great Britain"
 UKAG      U of KY Agri Data Ctr*
 UKANMED   U Kansas Med Ctr Dpt Info Sys#
 UKANVAX   Univ of Kansas VAX Sys
 UKANVM    U Kansas Comp Srvs 
 UKCC      U Kentucky Comp Ctr 
 UKCCB     U Kentucky Comp Ctr 
 UKCCS     U Kentucky Comp Ctr 
 UKMA      U Kentucky Math Sci"
 UKPR      Univ of Kentucky Prim
 UKWANG    U Kentucky DP Ctr#
 ULKYVM    U Louisville Ctrl Comp%
 ULKYVX    U Louisville VAX Cluster%
 ULKYVX03  U Louisville VAX Cluster%
 ULKYVX04  U Louisville VAX Cluster%
 ULKYVX06  U Louisville VAX Cluster%
 ULKYVX07  U Louisville VAX Cluster&
 UMAB      U Maryland Medical School)
 UMAECS    Univ of Mass, Eng. Comp Svrs'
 UMASS     U Massachusetts at Amherst&
 UMASSVM   U Mass Sch of Engineering%
 UMBC      Univ of MD, Baltimore Co&
 UMBC1     U Maryland Comp Info Serv%
 UMBC2     Univ of MD, Baltimore Co#
 UMBMAP    Univ of Mass at Boston#
 UMBSKY    Univ of Mass at Boston,
 UMCCSL1   U Missouri Columbia Campus - CC 
 UMCECN01  U Missouri Columbia/
 UMCINCOM  U Maryland College Pk Comp Sci Ctr 
 UMCVMB    U Missouri Columbia1
 UMDACC    U Maryland Computer Admin Compt Ctr.*
 UMDARS    U Maryland College Pk ARS Lab+
 UMDARS1   U Maryland College Pk ARS1 Lab/
 UMDB      U Maryland College Pk Comp Sci Ctr/
 UMDC      U Maryland College Pk Comp Sci Ctr,
 UMDD      U Maryland Computer Science Ctr1
 UMDENP    U Maryland Experimental Nuclear Phys+
 UMDHEP    U Maryland High Energy Physics
 UMDNJPW1  NJ Univ Med & Dent!
 UMDNJVM1  N J Univ. Med & Dent"
 UMDNJVM2  NJ Univ of Med & Dent#
 UMDSCVM   U Mich Data Sys Ctr VM#
 UMDSCXA   U Mich Data Sys Ctr XA/
 UMDT      U Maryland College Pk Comp Sci Ctr/
 UMD2      U Maryland College Pk Comp Sci Ctr%
 UMES      U Maryland Eastern Shore
 UMICHUB   U Mich Comp Ctr.
 UMICHUM   U Mich Comp Ctr.*
 UMINN1    U Minnesota St. Paul Comp Ctr.
 UMINN2    Univ of Minnesota Admin Info Svcs
 UMIPHYS   U Mich HEP#
 UMKCVAX1  U Missouri Kansas City#
 UMKCVAX2  U Missouri Kansas City
 UMKCVAX3  U Missouri Truman%
 UMMVSA    U Missouri Central Facil+
 UMNACBR   Univ of Minnesota Acad Comptng+
 UMNACCA   Univ of Minnesota Acad Comptng+
 UMNACUX   Univ of Minnesota Acad Comptng+
 UMNACVX   Univ of Minnesota Acad Comptng.
 UMNADMIN  Univ of Minnesota Admin Info Svcs%
 UMNDUL    Univ of Minnesota Duluth.
 UMNHCS    Univ of Minnesota Health Comp Sci5
 UMNHSNOS  Univ of Minnesota Health Sci Cmptng Srvs5
 UMNHSNVE  Univ of Minnesota Health Sci Cmptng Srvs%
 UMNMOR    Univ of Minnesota Morris+
 UMNSOM    Univ of Minnesota, Sch of Mgmt$
 UMRUNIXA  U Missouri Rolla Campus$
 UMRVMA    U Missouri Rolla Campus$
 UMRVMB    U Missouri Rolla Campus
 UMRVMC    U Missouri Rolla(
 UMSLVAXA  U Missouri St. Louis Campus(
 UMSLVMA   U Missouri St. Louis Campus(
 UMSLVMB   U Missouri St. Louis Campus 
 UMSMVS    Univ of Mississippi 
 UMSNOS    Univ of Mississippi 
 UMSNVE    Univ of Mississippi 
 UMSPHY    Univ of Mississippi 
 UMSVM     Univ of Mississippi 
 UMSVSOS   Univ of Mississippi#
 UMTLVR    Universite de Montreal!
 UMUC      U Maryland U College%
 UMVMA     U Missouri Central Facil&
 UNAMVM1   Univ Nat'l Auto De Mexico
 UNB       U NEW BRUNSWICK
 UNBMVS1   U New Brunswick'
 UNBSJ     U New Brunswick Saint John
 UNBVM1    U New Brunswick
 UNC       UNC Comp Ctr$
 UNCAACTC  U Calgary A.C.T. Centre"
 UNCACDC   University of Calgary 
 UNCAEDU   U Calgary Education"
 UNCAMULT  University of Calgary 
 UNCANET   U Calgary Education(
 UNCA205   University of Calgary Cyber
 UNCCHEM   U N Carolina ACS!
 UNCCVM    UNCC Compt. Srvs. VM5
 UNCG      Univ of North Carolina Greensboro Acad C)
 UNCSPHVX  U N Carolina Sch Publ Health)
 UNCSPHV2  U N Carolina Sch Publ Health)
 UNCSPHV3  U N Carolina Sch Publ Health&
 UNCVAX1   Univ of North Carolina CH
 UNCVM1    U N Carolina ACS
 UNCVX1    U N Carolina ACS.
 UNCWIL    Univ of North Carolina Wilmington(
 UNDHEP    U Notre Dame High Ener Phys"
 UNEV      Univ of Nevada Sys CC&
 UNFVM     U North Florida Comp Svcs"
 UNHH      Univ of New Hampshire$
 UNICC     United Nations - Geneva%
 UNIDO     Uni Dortmund, Informatik
 UNION     Union College'
 UNIVSCVM  U South Carolina Comp Svcs,
 UNLADVAX  U Nebr-Lincoln VP Acad. Affairs+
 UNLAMC    U Nebr-Lincoln Amer Math Comp.)
 UNLARS    U Nebr-Lincoln Agric Res Srv+
 UNLASVAX  U Nebr-Lincoln Arts & Sciences(
 UNLCDC2   U Nebr-Lincoln Comp Res Ctr(
 UNLCDC3   U Nebraska Lincoln Comp Ctr%
 UNLENVAX  U Nebr-Lincoln Eng. Coll'
 UNLPDVAX  U Nebr-Lincoln Print & Dup'
 UNLTCVAX  U Nebr-Lincoln Teach. Coll(
 UNLVAX1   U Nebr-Lincoln Comp Res Ctr%
 UNLVAX3   U Nebr-Lincoln Eng. Coll&
 UNLVAX4   U Nebr-Lincoln CALMIT Lab!
 UNLVM     U Nebraska Comp Svcs3
 UNMB      U New Mexico Comptng & Info Res & Tech%
 UNMCVM    Univ of Nebraska Med Ctr!
 UNO       Univ New Orleans CRC&
 UNOMA1    Univ of Nebraska Omaha CC&
 UNOMA2    Univ of Nebraska Omaha CC&
 UNTMUSIC  Univ of North Texas MUSIC&
 UNTVAX    Univ of North Texas VAX A)
 UNTVM1    Univ of North Texas Comp Ctr 
 UOFMCC    U Manitoba Comp Ctr 
 UOFMCCX   U Manitoba Comp Ctr
 UOFT01    U Toledo
 UOFT02    U Toledo
 UOGUELPH  U Guelph VM/CMS
 UOGVAX2   U Guelph, CIS$
 UOKMVSA   Univ of Oklahoma Norman1
 UONEURO   Univ of Oregon Inst. of Neurosci VAX&
 UORCHEM   U Rochester Chemistry VAX&
 UORDBV    U Rochester Computing Ctr!
 UORDB2    U Rochester Comp Ctr4
 UOREGON   Univ of Oregon Dept. Comp. & Info Scie,(
 UORGSM    U Rochester Grad Sch Mngmnt!
 UORHBV    U Rochester Comp Ctr,
 UORHEP    U Rochester High Energy Physics!
 UORJVN    U Rochester Comp Ctr!
 UORKV     U Rochester Comp Ctr!
 UORKV2    U Rochester Comp Ctr!
 UORMVS    U Rochester Comp Ctr
 UORNSRL   Univ of Rochester+
 UOROPT    U Rochester Institue of Optics!
 UORUNIX   U Rochester Comp Ctr!
 UORVM     U Rochester Comp Ctr&
 UOTADM01  U Ottawa Faculty of Admin"
 UOTADM02  U Ottawa Fac of Admin'
 UOTCSI1   U Ottawa Computer Sci Dept'
 UOTCSI2   U Ottawa Computer Sci Dept!
 UOTELG01  U of Ottawa Elec Eng"
 UOTTAWA   U Ottawa Computer Ctr-
 UOXRAY    Univ of Oregon Molecular Bio VAX#
 UPEI      U Prince Edward Island'
 UPRENET   Univ of Puerto Rico Ed Net+
 UQAM      Universite du Quebec, Montreal+
 UQAMVM1   Universite du Quebec, Montreal(
 UQHULL    Universite Du Quebec A Hull!
 UQUEBEC   Universite du Quebec$
 UQV       U Alberta Comp  Svcs VM
 UREGINAV  U Regina
 UREGINA1  U Regina(
 UREGINA2  U Regina Dept Comp Services)
 URIACC    URI Academic Computer Center)
 URIMVS    URI Academic Computer Center
 URVAX     Univ of Richmond&
 USACHVM1  Univ de Santiago de Chile
 USCMVSA   USC - System MVSA"
 USCN      University of Georgia"
 USCVM     U Southern California)
 USGSRESV  US Geological Survey ISD VAX"
 USMCP6    Univ of Southern Miss/
 USMVAX    U Southern Maine Portland Comp Ctr"
 USOUTHAL  Univ of South Alabama
 USU       Utah State U.
 USUHS     Uniformed Svrs Univ of Health Sci.
 USUHSB    Uniformed Svrs Univ of Health Sci$
 UTADNX    U Texas Austin Comp Ctr*
 UTADP     U Texas Austin Data Proc. Sys+
 UTAHBUS   Univ of Utah College of Bus CC
 UTAHCCA   Univ of Utah CC&
 UTAHLIB   Univ of Utah Marriott Lib)
 UTAHMED   Univ of Utah Med Sch Scie CC$
 UTAIVC    U Texas Austin Comp Ctr$
 UTAIV1    U Texas Austin Comp Ctr$
 UTAIV2    U Texas Austin Comp Ctr$
 UTAIV3    U Texas Austin Comp Ctr$
 UTAIV4    U Texas Austin Comp Ctr
 UTALCAVX  Univ de Talca(
 UTAPHY    U Texas Austin Physics Dept4
 UTARL     Univ of Texas Sys Off of Telecom. Srvcs$
 UTARLACS  Univ of Texas Arlington$
 UTARLADM  Univ of Texas Arlington$
 UTARLG    Univ of Texas Arlington)
 UTARLVM1  Univ of Texas - Arlington VM$
 UTA3081   U Texas Austin Comp Ctr$
 UTA4341   U Texas Austin Comp Ctr4
 UTCCSP    Univ of Texas Sys Off of Telecom. Srvcs5
 UTCHPC    Univ of Texas Sys Ctr for High Perfor Cm(
 UTCHP1    Univ of Tennessee - Chatta.'
 UTCMUSIC  U Tenn at Chatta MUSIC Sys*
 UTCVM     U Tenn at Chatta Ctr of Excel4
 UTDAL     Univ of Texas Sys Off of Telecom. Srvcs)
 UTDALVM1  U Texas Dallas Acad Comp Ctr%
 UTEP      U Texas El Paso Comp Ctr
 UTEPA     U Texas El Paso CC4
 UTEPD     Univ of Texas Sys Off of Telecom. Srvcs
 UTFSM     UT Santa Maria$
 UTGATE    U Texas Austin Comp Ctr"
 UTHDAL    Univ of Texas Systems4
 UTHOU     Univ of Texas Sys Off of Telecom. Srvcs4
 UTHSA     Univ of Texas Sys Off of Telecom. Srvcs*
 UTHSCSA   U TX Hlth Sci Ctr Comp Resrcs4
 UTHTYL    Univ of Texas Sys Off of Telecom. Srvcs)
 UTHVM1    Univ of Texas Sys Cancer Ctr0
 UTKCS1    Univ of Tennessee Computer Sci Dept
 UTKSM1    U Tennessee$
 UTKVM1    University of Tennessee
 UTKVX     Computing Center
 UTKVX1    U Tennessee
 UTKVX2    U of Tennessee,
 UTKVX3    U of Tennessee Computing Center,
 UTKVX4    Univ of Tennessee Comp Ctr VAX42
 UTMBEACH  Univ of Texas Med Branch at Galveston'
 UTMEM1    Univ of Tennessee, Memphis'
 UTMEM2    Univ of Tennessee, Memphis'
 UTMEM3    Univ of Tennessee, Memphis4
 UTMGAL    Univ of Texas Sys Off of Telecom. Srvcs4
 UTMSI     Univ of Texas Sys Off of Telecom. Srvcs$
 UTNET     U Texas Austin Comp Ctr+
 UTOPVM    OPAL, CERN, Geneva,Switzerland
 UTORCCIE  UTORCCIE
 UTORCLSC  CLSC"
 UTORCSRI  University of Toronto
 UTORDAIS  U of T DAIS"
 UTOREPAS  University of Toronto
 UTORGPU   U of T GPU
 UTORMCL1  Univ of Toronto'
 UTORME    Univ of Toronto Mech. Eng."
 UTORMED   University of Toronto"
 UTORMVSB  University of Toronto&
 UTOROCI   University of Toronto OCI'
 UTOROISE  University of Toronto OISE"
 UTORONTO  University of Toronto$
 UTORPHYS  Univ of Toronto Physics!
 UTORSCG   Univ of Toronto, DCS
 UTORSCS   Univ of Toronto
 UTORSCS1  CLSC"
 UTORVM    University of Toronto4
 UTPB      Univ of Texas Sys Off of Telecom. Srvcs4
 UTSA      Univ of Texas Sys Off of Telecom. Srvcs)
 UTSAVM1   U Texas San Antonio Comp Res 
 UTSA4381  U Texas San Antonio4
 UTSPH     Univ of Texas Sys Off of Telecom. Srvcs5
 UTSW      Univ of Texas Southwestern Med Ctr Dalla4
 UTSYS     Univ of Texas Sys Off of Telecom. Srvcs4
 UTTYL     Univ of Texas Sys Off of Telecom. Srvcs
 UVMADMIN  Univ of Vermont
 UVMVAX    Univ of Vermont
 UVMVM     Univ of Vermont
 UVPHYS    U Victoria VAX
 UVSOL     UVic COMP UNIX
 UVUNIX    U Victoria UNIX
 UVVM      U Victoria VM'
 UWACDC    U Washington Acad Comp Ctr'
 UWACHEM   U Washington Chemistry VAX)
 UWAEE     U Washington Electrical Engr)
 UWAENG    U Washington Electrical Engr"
 UWAFRODO  UW Radiation Oncology5
 UWAGEM    Univ of Washington Gemini Comptng Faclty)
 UWAIS1    U Washington Admin Data Proc2
 UWAJANUS  Univ of Washington Astro. HST Project(
 UWALOCKE  U Washington Locke Comp Ctr2
 UWAMATSC  Univ of Washington Materials Sci Comp(
 UWAMAX    U Washington Acad Comp Srvs)
 UWAMVS1   U Washington Admin Data Proc2
 UWAPA2    Univ of Washington Physics Theory Grp%
 UWAPHAST  U Washington Physics VAX
 UWARITA   UW San Diego RUAC*
 UWASH     U Washington Cmptng. & Commun+
 UWAVM     U Washington Academic Comp Ctr,
 UWAV1     U Washington Acad Comp Ctr VAX1,
 UWAV2     U Washington Acad Comp Ctr VAX2,
 UWAV3     U Washington Acad Comp Ctr VAX3,
 UWAV4     U Washington Acad Comp Ctr VAX4)
 UWEC      Univ of Wisconsin Eau Claire)
 UWECVAXA  Univ of Wisconsin Eau Claire 
 UWF       U West Fla Comp Ctr*
 UWLAX     Univ of Wisconsin - La Crosse*
 UWMCSD4   Univ of Wisconsin - Milwaukee
 UWOCC1    U Western Ontario
 UWOVAX    U Western Ontario
 UWPG02    Univ  of Winnipeg&
 UWSTOUT   Univ of Wisconsin - Stout
 UWYO      U Wyoming
 VALPO     Valparaiso Univ%
 VANDVMS1  Vanderbilt Univ. Physics!
 VANDVM1   Vanderbilt Univ. A&S
 VASCHU    Vassar College&
 VASPSY    Vassar Col Psych and Econ
 VASSAR    Vassar College
 VAS780    Vassar College(
 VCCSHOST  Virginia Community Coll Sys'
 VCUJADE   Virginia Commonwealth Univ'
 VCUMVS    Virginia Common U Comp Ctr'
 VCURUBY   Virginia Commonwealth Univ'
 VCUVAX    Virginia Commonwealth Univ&
 VCUVM1    Virginia Common U IBM C.C%
 VERS8812  EARN Nodes Version Entry
 VILLVM    Villanova Univ&
 VIRGINIA  U Virginia Acad Computing%
 VMTECMEX  Monterrey Instit of Tech/
 VMTECQRO  Monterrey Instit of Tech Queretaro
 VNET      IBM VNET Gateway
 VOLCANI   Volcani Institute&
 VPFMVS    NASA Space & Earth Sci CC&
 VPFVM     NASA Space & Earth Sci CC 
 VPICS1    Virginia Tech (VPI) 
 VPISDA    Virginia Tech (VPI) 
 VPIVAX3   Virginia Tech (VPI) 
 VPIVAX4   Virginia Tech (VPI) 
 VPIVAX5   Virginia Tech (VPI) 
 VPIVAX6   Virginia Tech (VPI) 
 VPIVM1    Virginia Tech (VPI) 
 VPIVM2    Virginia Tech (VPI) 
 VPIVM3    Virginia Tech (VPI) 
 VTCC1     Virginia Tech (VPI) 
 VTCNSVM1  Virginia Tech (VPI) 
 VTCS1     Virginia Tech (VPI) 
 VTHCL     Virginia Tech (VPI) 
 VTMATH    Virginia Tech (VPI) 
 VTME      Virginia Tech (VPI) 
 VTOPUS    Virginia Tech (VPI) 
 VTSDA     Virginia Tech (VPI) 
 VTVAX3    Virginia Tech (VPI) 
 VTVAX5    Virginia Tech (VPI) 
 VTVM1     Virginia Tech (VPI) 
 VTVM2     Virginia Tech (VPI) 
 VTVM3     Virginia Tech (VPI)
 VUCTRVAX  Vanderbilt Univ CC
 VUCTRVX1  Vanderbilt Univ CC
 VUCTRVX2  Vanderbilt Univ CC)
 VUENGVAX  Vanderbilt U Engineering Sch$
 VUHEP     Vanderbilt Univ Physics!
 VUHHCL01  Vanderbilt Univ HHCL$
 VULIBS    Vanderbilt Univ Library
 VUVAXCOM  Villanova Univ
 WACES     CMU Physics Dept%
 WATACO    U Waterloo Arts Comp Off'
 WATACS    U Waterloo Adv Control Sys$
 WATCSG    U Waterloo Comp Sys Grp!
 WATDCS    U Waterloo Comp Svcs&
 WATDCSU   U Waterloo Dept Comp Svcs 
 WATER     U Waterloo Math/ICR5
 WATLAGER  U Waterloo Engineering Education Researc1
 WATMAD    U Waterloo Mapping Analysis & Design 
 WATMNET   U Waterloo MICRONET&
 WATMTA    U Waterloo Dept Comp Svcs%
 WATSCI    U Waterloo Facil Science#
 WATSON    IBM Watson Sci Res Ctr 
 WAYNEST1  Wayne State Univ CC
 WBWVM     World Bank$
 WCU       West Chester Univ of PA*
 WEIZMANN  Weizmann Institute of Science
 WELLCO    Wellesley College)
 WESLEYAN  Wesleyan U Net Gate Comp Ctr 
 WESLYN    Wesleyan University
 WHEATNMA  Wheaton College
 WIDENER   Widener Univ 
 WILLIAMA  Williams College CC.
 WILLIAMB  Williams College CC Admin VAX Sys&
 WILLIAMS  Williams College Comp Ctr
 WINDSOR1  U Windsor
 WINDSOR2  U Windsor$
 WISCAGE   U of Wis, Inst on Aging'
 WISCCDE   Univ of Wis., Cntr. Demog.-
 WISCGPS   Univ of Wisc, Geog/PoliSci Depts$
 WISCMACC  Univ of Wisconsin, MACC)
 WISCMAC1  U Wisconsin Madison Comp Ctr$
 WISCMAC3  Univ of Wisconsin, MACC$
 WISCPHEN  Univ of Wisc Pheno Inst)
 WISCPSL   U Wisconsin Physical Sci Lab%
 WISCPSLA  U Wisconsin Phys Sci Lab%
 WISCPSLB  U Wisconsin Dept Physics)
 WISCPSLC  U Wisconsin Physical Sci Lab1
 WISCSOC   Univ of Wisconsin Madison Socio Dept*
 WISDOM    Weizmann Inst. Dept. of Math.'
 WISVMS    Weizmann Inst Dept of Chem'
 WLUCP6    Wilfrid Laurier University'
 WMHEG     Col William Mary Enrgy Grp*
 WMMVS     Col William and Mary Comp Ctr#
 WPI       Worcester Poly Tech EE
 WSU       Wright State Univ.
 WSUMATH   Washington State Univ - Math Dept0
 WSUVMS1   Washington State Univ Comp Serv Ctr4
 WSUVMS2   Washington State Univ - Comp. Srvs Ctr.(
 WSUVM1    Washington State U Comp Ctr
 WUBLUE    Washington Univ
 WUGOLD    Washington Univ
 WUGREEN   Washington Univ$
 WUMS      Washington Univ Med Sch"
 WUNET     Washington U St Louis"
 WUVMA     Washington University"
 WUVMC     Washington University"
 WUVMD     Washington University"
 WUVME     Washington University"
 WUVMF     Washington University%
 WVNBSC    WVNET - Bluefield St Col 
 WVNCC     WVNET - Concord Col"
 WVNET     West Virginia Network$
 WVNFSC    WVNET - Fairmont St Col%
 WVNGSC    WVNET - Glenville St Col"
 WVNMVS    West Virginia Network'
 WVNNCC    WVNET - Northern Comm. Col*
 WVNPCC    WVNET - Parkersburg Comm. Col&
 WVNPSC    WVNET - Potomac State Col!
 WVNSC     WVNET - Shepherd Col&
 WVNSCC    WVNET - Southern Comm Col"
 WVNSVC    West Virginia Network"
 WVNVAXA   West Virginia Network"
 WVNVAXB   West Virginia Network"
 WVNVM     West Virginia Network"
 WVNVMS    West Virginia Network)
 WVNWLSC   WVNET - West Liberty St. Col+
 WVNWVIT   WVNET - West VA Instit of Tech)
 WVNWVSC   WVNET - West Virginia St Col3
 WVNWVSOM  WVNET - West VA Sch of Osteopathic Med$
 WWU       Western Washington Univ
 WYOCDC1   U Wyoming&
 XAVIER    Xavier Univ Acad Comp Ctr
 XHMEIA    Caltech XHMEIA
 XRAY      Caltech"
 YALASTRO  Yale U Astronomy Dept#
 YALEADS   Yale U Admin Data Svcs!
 YALECS    Yale U Comp Sci Dept
 YALEHEP   Yale U Physics Lab0
 YALEMED   Yale Med Sch - Biomedical Comp Unit 
 YALEMVS   Yale U Computer Ctr 
 YALEVM    Yale U Computer Ctr 
 YALEVMS   Yale U Computer Ctr 
 YALEVMX   Yale U Computer Ctr
 YALEZEUS  Yale Univ Med Sch
 YALPH2    Yale U HEP2#
 YKTVMH    IBM Watson Sci Res Ctr+
 YKTVMH2   IBM Watson Sci Res Ctr Yorktwn#
 YKTVMT    IBM Watson Sci Res Ctr#
 YKTVMV    IBM Watson Sci Res Ctr#
 YKTVMX    IBM Watson Sci Res Ctr#
 YKTVMZ    IBM Watson Sci Res Ctr&
 YMIR      Harvey Mudd Col Math Dept 
 YORK      CUNY - York College
 YORKVM1   York University
 YORKVM2   York University"
 YSUA      Youngstown State Univ"
 YSUB      Youngstown State Univ&
 YUBGSS21  RZS SR Srbije, Yugoslavia
 YUGEMINI  York University&
 YULIBRA   York U Computing Services*
 YUORION   York U Admin Stud Environ Sci$
 YUSOL     York U Comp Sci Fac Sci
 YUVENUS   York University 
 YUVULCAN  York U Glendon Coll%
 YUYETTI   York U Comp Sci Research
 ZAPHOD    U Southern Calif(
 ZODIAC    Rutgers Univ CCIS Vax Clust$
 ZURLVM1   IBM Research Laboratory
*****************************************************************************
